Date,Temp,Umidità,Remark,
2023/06/11 19:03:08,"28.63℃","46.12%",""
2023/06/11 19:13:08,"28.50℃","45.50%",""
2023/06/11 19:23:08,"28.44℃","46.38%",""
2023/06/11 19:33:08,"28.25℃","46.56%",""
2023/06/11 19:43:08,"28.25℃","46.88%",""
2023/06/11 19:53:08,"28.13℃","46.88%",""
2023/06/11 20:03:08,"27.88℃","47.81%",""
2023/06/11 20:13:08,"27.81℃","48.19%",""
2023/06/11 20:23:08,"27.50℃","48.06%",""
2023/06/11 20:33:08,"27.31℃","48.19%",""
2023/06/11 20:43:08,"27.13℃","47.19%",""
2023/06/11 20:53:08,"26.88℃","47.12%",""
2023/06/11 21:03:08,"26.56℃","49.69%",""
2023/06/11 21:13:08,"25.88℃","53.62%",""
2023/06/11 21:23:08,"24.88℃","60.06%",""
2023/06/11 21:33:08,"24.06℃","61.81%",""
2023/06/11 21:43:08,"23.06℃","64.44%",""
2023/06/11 21:53:08,"22.25℃","65.19%",""
2023/06/11 22:03:08,"22.25℃","65.25%",""
2023/06/11 22:13:08,"21.75℃","67.19%",""
2023/06/11 22:23:08,"21.63℃","68.25%",""
2023/06/11 22:33:08,"21.06℃","68.25%",""
2023/06/11 22:43:08,"20.81℃","70.00%",""
2023/06/11 22:53:08,"20.88℃","71.44%",""
2023/06/11 23:03:08,"20.81℃","72.88%",""
2023/06/11 23:13:08,"20.81℃","72.94%",""
2023/06/11 23:23:08,"20.88℃","73.69%",""
2023/06/11 23:33:08,"20.88℃","72.50%",""
2023/06/11 23:43:08,"20.94℃","72.62%",""
2023/06/11 23:53:08,"20.94℃","72.75%",""
2023/06/12 00:03:08,"20.94℃","72.31%",""
2023/06/12 00:13:08,"20.88℃","71.81%",""
2023/06/12 00:23:08,"20.63℃","72.06%",""
2023/06/12 00:33:08,"20.63℃","72.19%",""
2023/06/12 00:43:08,"20.25℃","73.19%",""
2023/06/12 00:53:08,"19.81℃","75.88%",""
2023/06/12 01:03:08,"19.69℃","76.38%",""
2023/06/12 01:13:08,"19.88℃","77.81%",""
2023/06/12 01:23:08,"19.94℃","78.50%",""
2023/06/12 01:33:08,"19.94℃","77.12%",""
2023/06/12 01:43:08,"19.81℃","77.19%",""
2023/06/12 01:53:08,"19.75℃","76.38%",""
2023/06/12 02:03:08,"19.63℃","76.38%",""
2023/06/12 02:13:08,"19.56℃","76.94%",""
2023/06/12 02:23:08,"19.56℃","76.69%",""
2023/06/12 02:33:08,"19.31℃","78.75%",""
2023/06/12 02:43:08,"19.13℃","79.38%",""
2023/06/12 02:53:08,"18.94℃","79.88%",""
2023/06/12 03:03:08,"18.81℃","80.19%",""
2023/06/12 03:13:08,"18.75℃","80.50%",""
2023/06/12 03:23:08,"18.56℃","80.75%",""
2023/06/12 03:33:08,"18.38℃","80.44%",""
2023/06/12 03:43:08,"18.50℃","79.56%",""
2023/06/12 03:53:08,"18.50℃","79.19%",""
2023/06/12 04:03:08,"18.69℃","78.62%",""
2023/06/12 04:13:08,"18.69℃","78.44%",""
2023/06/12 04:23:08,"18.81℃","77.88%",""
2023/06/12 04:33:08,"19.00℃","78.12%",""
2023/06/12 04:43:08,"19.13℃","78.19%",""
2023/06/12 04:53:08,"19.13℃","78.25%",""
2023/06/12 05:03:08,"19.19℃","78.25%",""
2023/06/12 05:13:08,"18.94℃","79.19%",""
2023/06/12 05:23:08,"19.00℃","79.44%",""
2023/06/12 05:33:08,"19.13℃","78.62%",""
2023/06/12 05:43:08,"19.19℃","78.88%",""
2023/06/12 05:53:08,"19.25℃","79.50%",""
2023/06/12 06:03:08,"19.44℃","78.94%",""
2023/06/12 06:13:08,"20.25℃","76.75%",""
2023/06/12 06:23:08,"22.56℃","71.25%",""
2023/06/12 06:33:08,"24.50℃","65.75%",""
2023/06/12 06:43:08,"25.94℃","61.75%",""
2023/06/12 06:53:08,"27.13℃","58.44%",""
2023/06/12 07:03:08,"28.06℃","55.69%",""
2023/06/12 07:13:08,"28.56℃","53.62%",""
2023/06/12 07:23:08,"27.94℃","53.88%",""
2023/06/12 07:33:08,"26.13℃","56.81%",""
2023/06/12 07:43:08,"25.00℃","60.12%",""
2023/06/12 07:53:08,"24.75℃","60.31%",""
2023/06/12 08:03:08,"26.88℃","56.50%",""
2023/06/12 08:13:08,"28.19℃","53.25%",""
2023/06/12 08:23:08,"29.00℃","50.31%",""
2023/06/12 08:33:08,"29.31℃","50.62%",""
2023/06/12 08:43:08,"29.69℃","49.56%",""
2023/06/12 08:53:08,"30.25℃","46.81%",""
2023/06/12 09:03:08,"30.69℃","46.50%",""
2023/06/12 09:13:08,"31.75℃","44.38%",""
2023/06/12 09:23:08,"32.19℃","40.88%",""
2023/06/12 09:33:08,"32.38℃","40.81%",""
2023/06/12 09:43:08,"31.94℃","40.56%",""
2023/06/12 09:53:08,"30.81℃","42.50%",""
2023/06/12 10:03:08,"32.19℃","41.69%",""
2023/06/12 10:13:08,"33.31℃","38.75%",""
2023/06/12 10:23:08,"33.56℃","37.88%",""
2023/06/12 10:33:08,"33.69℃","37.31%",""
2023/06/12 10:43:08,"33.75℃","37.38%",""
2023/06/12 10:53:08,"33.94℃","36.25%",""
2023/06/12 11:03:08,"33.69℃","36.94%",""
2023/06/12 11:13:08,"31.69℃","37.81%",""
2023/06/12 11:23:08,"31.19℃","40.12%",""
2023/06/12 11:33:08,"30.94℃","40.31%",""
2023/06/12 11:43:08,"31.19℃","40.25%",""
2023/06/12 11:53:08,"31.00℃","40.38%",""
2023/06/12 12:03:08,"30.81℃","41.44%",""
2023/06/12 12:13:08,"30.19℃","41.75%",""
2023/06/12 12:23:08,"30.06℃","42.31%",""
2023/06/12 12:33:08,"29.75℃","41.31%",""
2023/06/12 12:43:08,"29.38℃","41.44%",""
2023/06/12 12:53:08,"29.19℃","43.06%",""
2023/06/12 13:03:08,"29.13℃","42.88%",""
2023/06/12 13:13:08,"28.81℃","43.44%",""
2023/06/12 13:23:08,"28.31℃","43.31%",""
2023/06/12 13:33:08,"28.69℃","45.06%",""
2023/06/12 13:43:08,"28.88℃","44.50%",""
2023/06/12 13:53:08,"28.81℃","43.06%",""
2023/06/12 14:03:08,"29.00℃","43.31%",""
2023/06/12 14:13:08,"29.00℃","42.19%",""
2023/06/12 14:23:08,"29.00℃","43.00%",""
2023/06/12 14:33:08,"28.94℃","42.06%",""
2023/06/12 14:43:08,"28.94℃","42.69%",""
2023/06/12 14:53:08,"28.81℃","42.00%",""
2023/06/12 15:03:08,"28.81℃","42.50%",""
2023/06/12 15:13:08,"28.94℃","42.25%",""
2023/06/12 15:23:08,"29.00℃","42.69%",""
2023/06/12 15:33:08,"28.88℃","42.00%",""
2023/06/12 15:43:08,"29.06℃","41.75%",""
2023/06/12 15:53:08,"29.13℃","41.50%",""
2023/06/12 16:03:08,"29.19℃","43.06%",""
2023/06/12 16:13:08,"29.25℃","41.12%",""
2023/06/12 16:23:08,"29.19℃","42.19%",""
2023/06/12 16:33:08,"29.19℃","41.44%",""
2023/06/12 16:43:08,"29.25℃","42.44%",""
2023/06/12 16:53:08,"29.56℃","41.31%",""
2023/06/12 17:03:08,"29.50℃","42.44%",""
2023/06/12 17:13:08,"29.13℃","43.25%",""
2023/06/12 17:23:08,"29.00℃","43.94%",""
2023/06/12 17:33:08,"28.88℃","43.50%",""
2023/06/12 17:43:08,"28.94℃","44.19%",""
2023/06/12 17:53:08,"29.00℃","44.56%",""
2023/06/12 18:03:08,"28.81℃","44.44%",""
2023/06/12 18:13:08,"28.56℃","45.62%",""
2023/06/12 18:23:08,"28.63℃","46.88%",""
2023/06/12 18:33:08,"28.63℃","46.62%",""
2023/06/12 18:43:08,"28.63℃","47.69%",""
2023/06/12 18:53:08,"28.69℃","47.38%",""
2023/06/12 19:03:08,"28.38℃","48.56%",""
2023/06/12 19:13:08,"28.38℃","49.25%",""
2023/06/12 19:23:08,"28.25℃","49.81%",""
2023/06/12 19:33:08,"28.06℃","49.94%",""
2023/06/12 19:43:08,"27.81℃","49.62%",""
2023/06/12 19:53:08,"27.63℃","50.50%",""
2023/06/12 20:03:08,"27.38℃","51.12%",""
2023/06/12 20:13:08,"27.25℃","51.06%",""
2023/06/12 20:23:08,"27.13℃","51.12%",""
2023/06/12 20:33:08,"26.88℃","51.06%",""
2023/06/12 20:43:08,"26.75℃","51.31%",""
2023/06/12 20:53:08,"26.00℃","57.31%",""
2023/06/12 21:03:08,"25.50℃","59.12%",""
2023/06/12 21:13:08,"25.13℃","60.44%",""
2023/06/12 21:23:08,"24.88℃","61.69%",""
2023/06/12 21:33:08,"24.56℃","64.00%",""
2023/06/12 21:43:08,"23.94℃","66.75%",""
2023/06/12 21:53:08,"22.88℃","66.25%",""
2023/06/12 22:03:08,"22.56℃","66.12%",""
2023/06/12 22:13:08,"22.56℃","65.44%",""
2023/06/12 22:23:08,"22.13℃","65.69%",""
2023/06/12 22:33:08,"21.88℃","66.38%",""
2023/06/12 22:43:08,"21.81℃","66.38%",""
2023/06/12 22:53:08,"21.81℃","65.50%",""
2023/06/12 23:03:08,"21.63℃","65.75%",""
2023/06/12 23:13:08,"21.44℃","65.81%",""
2023/06/12 23:23:08,"21.50℃","66.69%",""
2023/06/12 23:33:08,"21.50℃","66.19%",""
2023/06/12 23:43:08,"21.31℃","66.00%",""
2023/06/12 23:53:08,"21.25℃","65.81%",""
2023/06/13 00:03:08,"21.06℃","66.25%",""
2023/06/13 00:13:08,"20.81℃","67.19%",""
2023/06/13 00:23:08,"20.88℃","67.44%",""
2023/06/13 00:33:08,"21.00℃","67.38%",""
2023/06/13 00:43:08,"20.81℃","68.06%",""
2023/06/13 00:53:08,"20.94℃","67.88%",""
2023/06/13 01:03:08,"20.94℃","68.19%",""
2023/06/13 01:13:08,"20.75℃","69.19%",""
2023/06/13 01:23:08,"20.69℃","69.50%",""
2023/06/13 01:33:08,"20.69℃","69.75%",""
2023/06/13 01:43:08,"20.63℃","69.69%",""
2023/06/13 01:53:08,"20.13℃","71.56%",""
2023/06/13 02:03:08,"19.88℃","72.56%",""
2023/06/13 02:13:08,"19.69℃","73.06%",""
2023/06/13 02:23:08,"19.63℃","73.50%",""
2023/06/13 02:33:08,"19.56℃","74.94%",""
2023/06/13 02:43:08,"19.56℃","75.19%",""
2023/06/13 02:53:08,"19.75℃","75.25%",""
2023/06/13 03:03:08,"19.63℃","75.81%",""
2023/06/13 03:13:08,"19.50℃","76.62%",""
2023/06/13 03:23:08,"19.63℃","76.19%",""
2023/06/13 03:33:08,"19.75℃","75.50%",""
2023/06/13 03:43:08,"19.81℃","75.44%",""
2023/06/13 03:53:08,"19.63℃","75.75%",""
2023/06/13 04:03:08,"19.50℃","76.50%",""
2023/06/13 04:13:08,"19.44℃","76.19%",""
2023/06/13 04:23:08,"19.38℃","76.00%",""
2023/06/13 04:33:08,"19.38℃","75.50%",""
2023/06/13 04:43:08,"19.31℃","75.31%",""
2023/06/13 04:53:08,"19.13℃","75.69%",""
2023/06/13 05:03:08,"19.00℃","75.44%",""
2023/06/13 05:13:08,"19.06℃","75.25%",""
2023/06/13 05:23:08,"19.06℃","75.38%",""
2023/06/13 05:33:08,"18.94℃","76.19%",""
2023/06/13 05:43:08,"19.06℃","75.81%",""
2023/06/13 05:53:08,"19.44℃","72.75%",""
2023/06/13 06:03:08,"19.44℃","73.81%",""
2023/06/13 06:13:08,"19.19℃","75.50%",""
2023/06/13 06:23:08,"18.94℃","76.44%",""
2023/06/13 06:33:08,"18.94℃","76.12%",""
2023/06/13 06:43:08,"18.69℃","75.94%",""
2023/06/13 06:53:08,"18.63℃","75.12%",""
2023/06/13 07:03:08,"18.50℃","75.12%",""
2023/06/13 07:13:08,"18.31℃","75.81%",""
2023/06/13 07:23:08,"18.19℃","76.38%",""
2023/06/13 07:33:08,"18.13℃","76.62%",""
2023/06/13 07:43:08,"18.38℃","75.81%",""
2023/06/13 07:53:08,"18.19℃","75.69%",""
2023/06/13 08:03:08,"18.25℃","75.50%",""
2023/06/13 08:13:08,"18.75℃","74.31%",""
2023/06/13 08:23:08,"18.75℃","73.31%",""
2023/06/13 08:33:08,"18.81℃","72.94%",""
2023/06/13 08:43:08,"19.13℃","72.69%",""
2023/06/13 08:53:08,"18.94℃","73.19%",""
2023/06/13 09:03:08,"18.81℃","73.75%",""
2023/06/13 09:13:08,"18.75℃","74.81%",""
2023/06/13 09:23:08,"18.44℃","76.69%",""
2023/06/13 09:33:08,"18.63℃","77.50%",""
2023/06/13 09:43:08,"18.44℃","78.06%",""
2023/06/13 09:53:08,"18.50℃","79.19%",""
2023/06/13 10:03:08,"18.44℃","79.69%",""
2023/06/13 10:13:08,"18.38℃","80.19%",""
2023/06/13 10:23:08,"18.19℃","81.19%",""
2023/06/13 10:33:08,"18.19℃","81.25%",""
2023/06/13 10:43:08,"18.19℃","81.81%",""
2023/06/13 10:53:08,"18.31℃","81.19%",""
2023/06/13 11:03:08,"18.25℃","80.56%",""
2023/06/13 11:13:08,"18.38℃","79.50%",""
2023/06/13 11:23:08,"18.38℃","79.25%",""
2023/06/13 11:33:08,"18.38℃","79.06%",""
2023/06/13 11:43:08,"18.56℃","78.88%",""
2023/06/13 11:53:08,"18.63℃","78.62%",""
2023/06/13 12:03:08,"18.75℃","77.44%",""
2023/06/13 12:13:08,"19.00℃","77.50%",""
2023/06/13 12:23:08,"19.44℃","76.44%",""
2023/06/13 12:33:08,"19.94℃","74.00%",""
2023/06/13 12:43:08,"20.25℃","72.50%",""
2023/06/13 12:53:08,"20.63℃","72.06%",""
2023/06/13 13:03:08,"21.00℃","69.94%",""
2023/06/13 13:13:08,"21.38℃","67.88%",""
2023/06/13 13:23:08,"21.56℃","66.75%",""
2023/06/13 13:33:08,"21.75℃","66.81%",""
2023/06/13 13:43:08,"22.06℃","66.38%",""
2023/06/13 13:53:08,"22.06℃","65.31%",""
2023/06/13 14:03:08,"22.25℃","65.06%",""
2023/06/13 14:13:08,"22.25℃","64.00%",""
2023/06/13 14:23:08,"22.25℃","64.19%",""
2023/06/13 14:33:08,"22.13℃","63.31%",""
2023/06/13 14:43:08,"22.44℃","62.44%",""
2023/06/13 14:53:08,"22.63℃","61.81%",""
2023/06/13 15:03:08,"22.88℃","61.31%",""
2023/06/13 15:13:08,"23.06℃","60.94%",""
2023/06/13 15:23:08,"23.00℃","60.25%",""
2023/06/13 15:33:08,"23.06℃","61.00%",""
2023/06/13 15:43:08,"22.94℃","60.75%",""
2023/06/13 15:53:08,"23.00℃","60.94%",""
2023/06/13 16:03:08,"23.38℃","65.00%",""
2023/06/13 16:13:08,"23.56℃","64.62%",""
2023/06/13 16:23:08,"23.94℃","63.56%",""
2023/06/13 16:33:08,"24.38℃","63.00%",""
2023/06/13 16:43:08,"24.31℃","62.50%",""
2023/06/13 16:53:08,"24.13℃","62.31%",""
2023/06/13 17:03:08,"24.06℃","62.44%",""
2023/06/13 17:13:08,"23.94℃","62.31%",""
2023/06/13 17:23:08,"23.69℃","62.50%",""
2023/06/13 17:33:08,"23.44℃","63.06%",""
2023/06/13 17:43:08,"23.25℃","63.81%",""
2023/06/13 17:53:08,"23.25℃","64.06%",""
2023/06/13 18:03:08,"23.25℃","63.75%",""
2023/06/13 18:13:08,"23.31℃","63.62%",""
2023/06/13 18:23:08,"23.38℃","62.06%",""
2023/06/13 18:33:08,"23.50℃","62.31%",""
2023/06/13 18:43:08,"23.56℃","61.31%",""
2023/06/13 18:53:08,"23.38℃","61.25%",""
2023/06/13 19:03:08,"23.13℃","61.50%",""
2023/06/13 19:13:08,"23.06℃","61.81%",""
2023/06/13 19:23:08,"22.94℃","62.75%",""
2023/06/13 19:33:08,"22.88℃","62.25%",""
2023/06/13 19:43:08,"22.94℃","63.25%",""
2023/06/13 19:53:08,"22.94℃","63.88%",""
2023/06/13 20:03:08,"22.81℃","65.12%",""
2023/06/13 20:13:08,"22.69℃","65.31%",""
2023/06/13 20:23:08,"22.63℃","66.06%",""
2023/06/13 20:33:08,"22.44℃","67.44%",""
2023/06/13 20:43:08,"22.25℃","67.88%",""
2023/06/13 20:53:08,"22.19℃","68.12%",""
2023/06/13 21:03:08,"22.13℃","68.50%",""
2023/06/13 21:13:08,"22.06℃","68.75%",""
2023/06/13 21:23:08,"21.88℃","69.12%",""
2023/06/13 21:33:08,"21.75℃","69.81%",""
2023/06/13 21:43:08,"21.63℃","69.94%",""
2023/06/13 21:53:08,"21.56℃","70.12%",""
2023/06/13 22:03:08,"21.50℃","70.25%",""
2023/06/13 22:13:08,"21.56℃","69.94%",""
2023/06/13 22:23:08,"21.44℃","70.00%",""
2023/06/13 22:33:08,"21.19℃","71.00%",""
2023/06/13 22:43:08,"20.75℃","72.00%",""
2023/06/13 22:53:08,"20.81℃","72.00%",""
2023/06/13 23:03:08,"20.88℃","71.88%",""
2023/06/13 23:13:08,"21.00℃","71.31%",""
2023/06/13 23:23:08,"21.00℃","71.81%",""
2023/06/13 23:33:08,"20.75℃","72.75%",""
2023/06/13 23:43:08,"20.56℃","72.75%",""
2023/06/13 23:53:08,"20.69℃","73.25%",""
2023/06/14 00:03:08,"20.75℃","73.38%",""
2023/06/14 00:13:08,"20.56℃","73.62%",""
2023/06/14 00:23:08,"20.44℃","74.06%",""
2023/06/14 00:33:08,"20.38℃","75.19%",""
2023/06/14 00:43:08,"20.19℃","75.62%",""
2023/06/14 00:53:08,"20.25℃","75.62%",""
2023/06/14 01:03:08,"20.38℃","75.75%",""
2023/06/14 01:13:08,"20.13℃","76.81%",""
2023/06/14 01:23:08,"20.06℃","77.19%",""
2023/06/14 01:33:08,"19.94℃","77.62%",""
2023/06/14 01:43:08,"19.56℃","78.88%",""
2023/06/14 01:53:08,"19.38℃","78.94%",""
2023/06/14 02:03:08,"19.38℃","79.88%",""
2023/06/14 02:13:08,"18.88℃","81.56%",""
2023/06/14 02:23:08,"18.63℃","82.62%",""
2023/06/14 02:33:08,"18.25℃","84.75%",""
2023/06/14 02:43:08,"18.13℃","85.44%",""
2023/06/14 02:53:08,"18.13℃","85.38%",""
2023/06/14 03:03:08,"18.00℃","85.88%",""
2023/06/14 03:13:08,"17.88℃","85.75%",""
2023/06/14 03:23:08,"17.50℃","84.38%",""
2023/06/14 03:33:08,"17.44℃","85.56%",""
2023/06/14 03:43:08,"17.63℃","84.56%",""
2023/06/14 03:53:08,"17.25℃","86.69%",""
2023/06/14 04:03:08,"17.00℃","87.31%",""
2023/06/14 04:13:08,"16.88℃","88.06%",""
2023/06/14 04:23:08,"16.81℃","88.06%",""
2023/06/14 04:33:08,"16.69℃","88.75%",""
2023/06/14 04:43:08,"16.69℃","88.69%",""
2023/06/14 04:53:08,"16.81℃","88.56%",""
2023/06/14 05:03:08,"16.75℃","88.50%",""
2023/06/14 05:13:08,"16.63℃","88.88%",""
2023/06/14 05:23:08,"16.69℃","88.81%",""
2023/06/14 05:33:08,"16.69℃","88.31%",""
2023/06/14 05:43:08,"16.63℃","88.12%",""
2023/06/14 05:53:08,"16.56℃","88.31%",""
2023/06/14 06:03:08,"16.56℃","87.75%",""
2023/06/14 06:13:08,"16.56℃","87.19%",""
2023/06/14 06:23:08,"16.56℃","86.81%",""
2023/06/14 06:33:08,"16.75℃","87.06%",""
2023/06/14 06:43:08,"17.00℃","86.50%",""
2023/06/14 06:53:08,"17.19℃","85.81%",""
2023/06/14 07:03:08,"17.31℃","85.69%",""
2023/06/14 07:13:08,"17.50℃","85.31%",""
2023/06/14 07:23:08,"17.69℃","85.00%",""
2023/06/14 07:33:08,"18.00℃","84.81%",""
2023/06/14 07:43:08,"18.19℃","85.12%",""
2023/06/14 07:53:08,"18.38℃","84.75%",""
2023/06/14 08:03:08,"18.75℃","83.12%",""
2023/06/14 08:13:08,"19.13℃","83.00%",""
2023/06/14 08:23:08,"19.38℃","81.12%",""
2023/06/14 08:33:08,"19.69℃","80.75%",""
2023/06/14 08:43:08,"19.94℃","79.00%",""
2023/06/14 08:53:08,"20.06℃","79.06%",""
2023/06/14 09:03:08,"20.44℃","78.19%",""
2023/06/14 09:13:08,"21.63℃","73.56%",""
2023/06/14 09:23:08,"22.88℃","69.50%",""
2023/06/14 09:33:08,"22.81℃","69.00%",""
2023/06/14 09:43:08,"23.25℃","66.75%",""
2023/06/14 09:53:08,"23.75℃","65.94%",""
2023/06/14 10:03:08,"23.50℃","64.38%",""
2023/06/14 10:13:08,"23.06℃","65.31%",""
2023/06/14 10:23:08,"23.38℃","64.81%",""
2023/06/14 10:33:08,"24.13℃","61.81%",""
2023/06/14 10:43:08,"24.94℃","59.88%",""
2023/06/14 10:53:08,"25.44℃","60.31%",""
2023/06/14 11:03:08,"26.00℃","54.75%",""
2023/06/14 11:13:08,"26.13℃","54.31%",""
2023/06/14 11:23:08,"26.31℃","52.44%",""
2023/06/14 11:33:08,"26.31℃","49.00%",""
2023/06/14 11:43:08,"26.06℃","50.06%",""
2023/06/14 11:53:08,"26.25℃","52.56%",""
2023/06/14 12:03:08,"26.13℃","50.88%",""
2023/06/14 12:13:08,"25.94℃","49.62%",""
2023/06/14 12:23:08,"25.13℃","52.44%",""
2023/06/14 12:33:08,"25.13℃","51.81%",""
2023/06/14 12:43:08,"25.44℃","50.00%",""
2023/06/14 12:53:08,"25.50℃","50.81%",""
2023/06/14 13:03:08,"25.25℃","49.12%",""
2023/06/14 13:13:08,"24.94℃","50.19%",""
2023/06/14 13:23:08,"25.13℃","50.06%",""
2023/06/14 13:33:08,"25.50℃","49.94%",""
2023/06/14 13:43:08,"25.44℃","48.75%",""
2023/06/14 13:53:08,"25.63℃","47.69%",""
2023/06/14 14:03:08,"25.25℃","49.06%",""
2023/06/14 14:13:08,"25.44℃","50.00%",""
2023/06/14 14:23:08,"25.13℃","49.62%",""
2023/06/14 14:33:08,"25.50℃","50.88%",""
2023/06/14 14:43:08,"25.81℃","51.75%",""
2023/06/14 14:53:08,"26.13℃","50.44%",""
2023/06/14 15:03:08,"26.25℃","50.88%",""
2023/06/14 15:13:08,"26.31℃","51.25%",""
2023/06/14 15:23:08,"26.50℃","49.44%",""
2023/06/14 15:33:08,"26.38℃","51.31%",""
2023/06/14 15:43:08,"26.44℃","52.00%",""
2023/06/14 15:53:08,"26.88℃","52.62%",""
2023/06/14 16:03:08,"26.56℃","50.50%",""
2023/06/14 16:13:08,"26.69℃","51.94%",""
2023/06/14 16:23:08,"26.56℃","51.00%",""
2023/06/14 16:33:08,"26.56℃","51.81%",""
2023/06/14 16:43:08,"26.56℃","51.44%",""
2023/06/14 16:53:08,"26.56℃","51.31%",""
2023/06/14 17:03:08,"26.56℃","51.56%",""
2023/06/14 17:13:08,"26.44℃","51.75%",""
2023/06/14 17:23:08,"26.38℃","51.75%",""
2023/06/14 17:33:08,"26.31℃","51.69%",""
2023/06/14 17:43:08,"26.38℃","52.06%",""
2023/06/14 17:53:08,"26.31℃","51.56%",""
2023/06/14 18:03:08,"26.19℃","52.62%",""
2023/06/14 18:13:08,"26.25℃","52.62%",""
2023/06/14 18:23:08,"26.38℃","52.31%",""
2023/06/14 18:33:08,"26.38℃","52.25%",""
2023/06/14 18:43:08,"26.38℃","52.69%",""
2023/06/14 18:53:08,"26.19℃","53.56%",""
2023/06/14 19:03:08,"25.88℃","54.12%",""
2023/06/14 19:13:08,"25.63℃","55.06%",""
2023/06/14 19:23:08,"25.50℃","55.75%",""
2023/06/14 19:33:08,"25.31℃","56.06%",""
2023/06/14 19:43:08,"25.06℃","56.94%",""
2023/06/14 19:53:08,"24.88℃","57.25%",""
2023/06/14 20:03:08,"24.69℃","56.75%",""
2023/06/14 20:13:08,"24.50℃","57.88%",""
2023/06/14 20:23:08,"24.38℃","59.12%",""
2023/06/14 20:33:08,"24.19℃","59.75%",""
2023/06/14 20:43:08,"24.06℃","60.12%",""
2023/06/14 20:53:08,"23.94℃","60.56%",""
2023/06/14 21:03:08,"23.94℃","61.81%",""
2023/06/14 21:13:08,"23.63℃","61.94%",""
2023/06/14 21:23:08,"23.50℃","62.56%",""
2023/06/14 21:33:08,"23.38℃","62.88%",""
2023/06/14 21:43:08,"23.13℃","62.69%",""
2023/06/14 21:53:08,"22.94℃","63.00%",""
2023/06/14 22:03:08,"22.88℃","63.56%",""
2023/06/14 22:13:08,"22.81℃","64.12%",""
2023/06/14 22:23:08,"22.88℃","63.56%",""
2023/06/14 22:33:08,"22.81℃","63.25%",""
2023/06/14 22:43:08,"22.81℃","63.56%",""
2023/06/14 22:53:08,"22.75℃","63.38%",""
2023/06/14 23:03:08,"22.69℃","63.44%",""
2023/06/14 23:13:08,"22.69℃","63.38%",""
2023/06/14 23:23:08,"22.63℃","63.56%",""
2023/06/14 23:33:08,"22.38℃","64.44%",""
2023/06/14 23:43:08,"21.25℃","69.44%",""
2023/06/14 23:53:08,"18.00℃","83.12%",""
2023/06/15 00:03:08,"17.13℃","85.56%",""
2023/06/15 00:13:08,"17.63℃","89.38%",""
2023/06/15 00:23:08,"17.88℃","90.00%",""
2023/06/15 00:33:08,"18.00℃","88.69%",""
2023/06/15 00:43:08,"18.13℃","87.31%",""
2023/06/15 00:53:08,"18.25℃","88.69%",""
2023/06/15 01:03:08,"18.31℃","88.56%",""
2023/06/15 01:13:08,"18.38℃","88.62%",""
2023/06/15 01:23:08,"18.38℃","89.88%",""
2023/06/15 01:33:08,"18.06℃","88.38%",""
2023/06/15 01:43:08,"17.69℃","87.81%",""
2023/06/15 01:53:08,"17.63℃","89.31%",""
2023/06/15 02:03:08,"17.50℃","87.50%",""
2023/06/15 02:13:08,"17.38℃","87.06%",""
2023/06/15 02:23:08,"17.38℃","87.56%",""
2023/06/15 02:33:08,"17.56℃","88.81%",""
2023/06/15 02:43:08,"17.88℃","88.50%",""
2023/06/15 02:53:08,"17.94℃","88.88%",""
2023/06/15 03:03:08,"17.94℃","88.75%",""
2023/06/15 03:13:08,"17.94℃","87.94%",""
2023/06/15 03:23:08,"17.94℃","87.38%",""
2023/06/15 03:33:08,"17.75℃","87.19%",""
2023/06/15 03:43:08,"17.69℃","88.38%",""
2023/06/15 03:53:08,"17.63℃","88.06%",""
2023/06/15 04:03:08,"17.56℃","88.19%",""
2023/06/15 04:13:08,"17.50℃","87.88%",""
2023/06/15 04:23:08,"17.31℃","87.81%",""
2023/06/15 04:33:08,"17.13℃","87.50%",""
2023/06/15 04:43:08,"16.94℃","87.38%",""
2023/06/15 04:53:08,"16.81℃","87.94%",""
2023/06/15 05:03:08,"16.88℃","87.88%",""
2023/06/15 05:13:08,"17.00℃","87.88%",""
2023/06/15 05:23:08,"16.94℃","86.81%",""
2023/06/15 05:33:08,"16.88℃","86.69%",""
2023/06/15 05:43:08,"16.81℃","86.94%",""
2023/06/15 05:53:08,"16.88℃","86.50%",""
2023/06/15 06:03:08,"17.00℃","86.88%",""
2023/06/15 06:13:08,"17.38℃","86.56%",""
2023/06/15 06:23:08,"17.94℃","85.44%",""
2023/06/15 06:33:08,"18.81℃","81.12%",""
2023/06/15 06:43:08,"19.75℃","78.94%",""
2023/06/15 06:53:08,"20.88℃","77.00%",""
2023/06/15 07:03:08,"22.19℃","74.00%",""
2023/06/15 07:13:08,"23.50℃","72.19%",""
2023/06/15 07:23:08,"24.31℃","67.00%",""
2023/06/15 07:33:08,"24.38℃","69.44%",""
2023/06/15 07:43:08,"24.75℃","68.50%",""
2023/06/15 07:53:08,"25.50℃","64.25%",""
2023/06/15 08:03:08,"26.44℃","66.12%",""
2023/06/15 08:13:08,"26.00℃","63.50%",""
2023/06/15 08:23:08,"26.75℃","65.00%",""
2023/06/15 08:33:08,"26.81℃","59.81%",""
2023/06/15 08:43:08,"28.00℃","60.94%",""
2023/06/15 08:53:08,"28.44℃","57.94%",""
2023/06/15 09:03:08,"29.38℃","55.25%",""
2023/06/15 09:13:08,"28.88℃","53.19%",""
2023/06/15 09:23:08,"30.13℃","54.81%",""
2023/06/15 09:33:08,"30.94℃","50.94%",""
2023/06/15 09:43:08,"31.06℃","50.00%",""
2023/06/15 09:53:08,"31.19℃","49.75%",""
2023/06/15 10:03:08,"31.31℃","49.56%",""
2023/06/15 10:13:08,"30.94℃","47.56%",""
2023/06/15 10:23:08,"31.06℃","47.56%",""
2023/06/15 10:33:08,"30.94℃","46.62%",""
2023/06/15 10:43:08,"30.94℃","46.75%",""
2023/06/15 10:53:08,"30.31℃","46.00%",""
2023/06/15 11:03:08,"29.56℃","48.00%",""
2023/06/15 11:13:08,"29.94℃","46.88%",""
2023/06/15 11:23:08,"28.94℃","47.94%",""
2023/06/15 11:33:08,"28.69℃","49.19%",""
2023/06/15 11:43:08,"28.81℃","48.69%",""
2023/06/15 11:53:08,"28.94℃","48.19%",""
2023/06/15 12:03:08,"28.44℃","48.44%",""
2023/06/15 12:13:08,"28.19℃","49.12%",""
2023/06/15 12:23:08,"27.69℃","48.31%",""
2023/06/15 12:33:08,"27.81℃","49.00%",""
2023/06/15 12:43:08,"27.44℃","49.69%",""
2023/06/15 12:53:08,"27.63℃","49.56%",""
2023/06/15 13:03:08,"27.63℃","49.38%",""
2023/06/15 13:13:08,"27.44℃","48.81%",""
2023/06/15 13:23:08,"27.19℃","49.12%",""
2023/06/15 13:33:08,"27.38℃","49.00%",""
2023/06/15 13:43:08,"27.38℃","49.12%",""
2023/06/15 13:53:08,"27.38℃","49.06%",""
2023/06/15 14:03:08,"27.31℃","49.44%",""
2023/06/15 14:13:08,"27.31℃","50.62%",""
2023/06/15 14:23:08,"27.25℃","49.88%",""
2023/06/15 14:33:08,"27.25℃","49.38%",""
2023/06/15 14:43:08,"27.31℃","48.62%",""
2023/06/15 14:53:08,"27.44℃","48.69%",""
2023/06/15 15:03:08,"27.50℃","48.38%",""
2023/06/15 15:13:08,"27.31℃","46.94%",""
2023/06/15 15:23:08,"27.44℃","48.00%",""
2023/06/15 15:33:08,"27.50℃","48.25%",""
2023/06/15 15:43:08,"27.69℃","48.62%",""
2023/06/15 15:53:08,"27.88℃","48.50%",""
2023/06/15 16:03:08,"27.88℃","48.06%",""
2023/06/15 16:13:08,"27.63℃","47.81%",""
2023/06/15 16:23:08,"27.56℃","48.81%",""
2023/06/15 16:33:08,"27.63℃","48.69%",""
2023/06/15 16:43:08,"27.69℃","48.75%",""
2023/06/15 16:53:08,"27.69℃","46.88%",""
2023/06/15 17:03:08,"27.56℃","48.38%",""
2023/06/15 17:13:08,"27.44℃","48.31%",""
2023/06/15 17:23:08,"27.63℃","49.38%",""
2023/06/15 17:33:08,"27.63℃","48.69%",""
2023/06/15 17:43:08,"27.63℃","49.06%",""
2023/06/15 17:53:08,"27.69℃","49.50%",""
2023/06/15 18:03:08,"27.56℃","49.50%",""
2023/06/15 18:13:08,"27.56℃","48.25%",""
2023/06/15 18:23:08,"27.50℃","48.19%",""
2023/06/15 18:33:08,"27.38℃","48.25%",""
2023/06/15 18:43:08,"27.44℃","48.12%",""
2023/06/15 18:53:08,"27.50℃","48.19%",""
2023/06/15 19:03:08,"27.56℃","48.94%",""
2023/06/15 19:13:08,"27.63℃","49.06%",""
2023/06/15 19:23:08,"27.56℃","48.94%",""
2023/06/15 19:33:08,"27.44℃","48.81%",""
2023/06/15 19:43:08,"27.50℃","48.69%",""
2023/06/15 19:53:08,"27.44℃","49.06%",""
2023/06/15 20:03:08,"27.06℃","49.75%",""
2023/06/15 20:13:08,"27.06℃","50.19%",""
2023/06/15 20:23:08,"26.56℃","49.94%",""
2023/06/15 20:33:08,"25.50℃","52.50%",""
2023/06/15 20:43:08,"25.25℃","52.12%",""
2023/06/15 20:53:08,"25.00℃","53.25%",""
2023/06/15 21:03:08,"24.63℃","54.31%",""
2023/06/15 21:13:08,"24.25℃","57.12%",""
2023/06/15 21:23:08,"23.94℃","58.00%",""
2023/06/15 21:33:08,"23.69℃","59.06%",""
2023/06/15 21:43:08,"23.50℃","59.38%",""
2023/06/15 21:53:08,"23.44℃","59.88%",""
2023/06/15 22:03:08,"23.44℃","60.50%",""
2023/06/15 22:13:08,"23.38℃","60.69%",""
2023/06/15 22:23:08,"23.31℃","61.56%",""
2023/06/15 22:33:08,"23.06℃","61.94%",""
2023/06/15 22:43:08,"22.69℃","62.81%",""
2023/06/15 22:53:08,"22.50℃","63.38%",""
2023/06/15 23:03:08,"22.50℃","63.88%",""
2023/06/15 23:13:08,"22.25℃","63.69%",""
2023/06/15 23:23:08,"22.00℃","64.06%",""
2023/06/15 23:33:08,"21.63℃","65.00%",""
2023/06/15 23:43:08,"21.44℃","65.38%",""
2023/06/15 23:53:08,"21.44℃","66.00%",""
2023/06/16 00:03:08,"21.44℃","66.56%",""
2023/06/16 00:13:08,"21.31℃","66.88%",""
2023/06/16 00:23:08,"21.38℃","66.81%",""
2023/06/16 00:33:08,"21.44℃","66.75%",""
2023/06/16 00:43:08,"21.38℃","67.06%",""
2023/06/16 00:53:08,"21.38℃","67.19%",""
2023/06/16 01:03:08,"21.13℃","68.12%",""
2023/06/16 01:13:08,"21.06℃","68.38%",""
2023/06/16 01:23:08,"21.00℃","68.94%",""
2023/06/16 01:33:08,"20.75℃","69.75%",""
2023/06/16 01:43:08,"20.69℃","70.19%",""
2023/06/16 01:53:08,"20.69℃","70.38%",""
2023/06/16 02:03:08,"20.50℃","70.31%",""
2023/06/16 02:13:08,"20.38℃","70.69%",""
2023/06/16 02:23:08,"20.38℃","70.81%",""
2023/06/16 02:33:08,"20.31℃","71.12%",""
2023/06/16 02:43:08,"20.31℃","71.44%",""
2023/06/16 02:53:08,"20.31℃","71.50%",""
2023/06/16 03:03:08,"20.06℃","72.19%",""
2023/06/16 03:13:08,"20.00℃","72.69%",""
2023/06/16 03:23:08,"19.88℃","73.00%",""
2023/06/16 03:33:08,"19.88℃","72.81%",""
2023/06/16 03:43:08,"19.81℃","73.00%",""
2023/06/16 03:53:08,"19.56℃","73.31%",""
2023/06/16 04:03:08,"19.44℃","73.62%",""
2023/06/16 04:13:08,"19.56℃","73.38%",""
2023/06/16 04:23:08,"19.25℃","74.19%",""
2023/06/16 04:33:08,"18.94℃","75.31%",""
2023/06/16 04:43:08,"18.69℃","76.06%",""
2023/06/16 04:53:08,"18.69℃","76.44%",""
2023/06/16 05:03:08,"18.69℃","76.19%",""
2023/06/16 05:13:08,"18.63℃","76.25%",""
2023/06/16 05:23:08,"18.38℃","76.31%",""
2023/06/16 05:33:08,"18.31℃","76.25%",""
2023/06/16 05:43:08,"18.50℃","75.94%",""
2023/06/16 05:53:08,"18.69℃","75.44%",""
2023/06/16 06:03:08,"19.19℃","74.19%",""
2023/06/16 06:13:08,"20.13℃","71.88%",""
2023/06/16 06:23:08,"21.44℃","68.69%",""
2023/06/16 06:33:08,"22.13℃","64.94%",""
2023/06/16 06:43:08,"22.94℃","63.38%",""
2023/06/16 06:53:08,"23.94℃","61.31%",""
2023/06/16 07:03:08,"25.31℃","58.38%",""
2023/06/16 07:13:08,"25.06℃","55.69%",""
2023/06/16 07:23:08,"25.31℃","55.94%",""
2023/06/16 07:33:08,"25.81℃","54.81%",""
2023/06/16 07:43:08,"26.25℃","53.31%",""
2023/06/16 07:53:08,"26.63℃","50.56%",""
2023/06/16 08:03:08,"26.94℃","49.12%",""
2023/06/16 08:13:08,"26.69℃","48.56%",""
2023/06/16 08:23:08,"27.06℃","46.75%",""
2023/06/16 08:33:08,"26.44℃","47.44%",""
2023/06/16 08:43:08,"27.19℃","46.56%",""
2023/06/16 08:53:08,"27.94℃","45.31%",""
2023/06/16 09:03:08,"28.63℃","43.81%",""
2023/06/16 09:13:08,"28.81℃","42.94%",""
2023/06/16 09:23:08,"29.69℃","42.19%",""
2023/06/16 09:33:08,"30.06℃","41.38%",""
2023/06/16 09:43:08,"30.81℃","40.38%",""
2023/06/16 09:53:08,"31.31℃","39.12%",""
2023/06/16 10:03:08,"31.31℃","37.31%",""
2023/06/16 10:13:08,"31.38℃","36.69%",""
2023/06/16 10:23:08,"32.25℃","36.12%",""
2023/06/16 10:33:08,"31.75℃","35.81%",""
2023/06/16 10:43:08,"32.31℃","35.69%",""
2023/06/16 10:53:08,"32.50℃","34.62%",""
2023/06/16 11:03:08,"31.81℃","36.12%",""
2023/06/16 11:13:08,"31.13℃","35.56%",""
2023/06/16 11:23:08,"30.63℃","36.06%",""
2023/06/16 11:33:08,"30.50℃","37.25%",""
2023/06/16 11:43:08,"30.25℃","35.62%",""
2023/06/16 11:53:08,"30.50℃","35.25%",""
2023/06/16 12:03:08,"30.25℃","35.12%",""
2023/06/16 12:13:08,"30.25℃","35.88%",""
2023/06/16 12:23:08,"29.94℃","35.31%",""
2023/06/16 12:33:08,"29.75℃","35.12%",""
2023/06/16 12:43:08,"29.44℃","38.38%",""
2023/06/16 12:53:08,"29.38℃","36.69%",""
2023/06/16 13:03:08,"29.06℃","35.19%",""
2023/06/16 13:13:08,"28.69℃","37.81%",""
2023/06/16 13:23:08,"28.56℃","34.31%",""
2023/06/16 13:33:08,"28.69℃","36.44%",""
2023/06/16 13:43:08,"28.94℃","37.81%",""
2023/06/16 13:53:08,"29.06℃","35.25%",""
2023/06/16 14:03:08,"28.81℃","37.62%",""
2023/06/16 14:13:08,"28.38℃","36.38%",""
2023/06/16 14:23:08,"28.38℃","34.19%",""
2023/06/16 14:33:08,"28.44℃","36.25%",""
2023/06/16 14:43:08,"28.56℃","36.94%",""
2023/06/16 14:53:08,"28.81℃","36.50%",""
2023/06/16 15:03:08,"28.56℃","37.50%",""
2023/06/16 15:13:08,"28.69℃","36.25%",""
2023/06/16 15:23:08,"28.81℃","36.06%",""
2023/06/16 15:33:08,"28.88℃","35.88%",""
2023/06/16 15:43:08,"28.81℃","36.12%",""
2023/06/16 15:53:08,"28.88℃","37.00%",""
2023/06/16 16:03:08,"28.88℃","36.25%",""
2023/06/16 16:13:08,"28.94℃","35.94%",""
2023/06/16 16:23:08,"28.88℃","34.81%",""
2023/06/16 16:33:08,"28.88℃","36.12%",""
2023/06/16 16:43:08,"28.88℃","34.75%",""
2023/06/16 16:53:08,"28.81℃","33.19%",""
2023/06/16 17:03:08,"28.75℃","34.00%",""
2023/06/16 17:13:08,"28.75℃","35.31%",""
2023/06/16 17:23:08,"28.69℃","34.94%",""
2023/06/16 17:33:08,"28.56℃","36.00%",""
2023/06/16 17:43:08,"28.56℃","37.50%",""
2023/06/16 17:53:08,"28.19℃","37.50%",""
2023/06/16 18:03:08,"28.13℃","37.19%",""
2023/06/16 18:13:08,"28.00℃","36.75%",""
2023/06/16 18:23:08,"27.63℃","37.81%",""
2023/06/16 18:33:08,"27.38℃","37.56%",""
2023/06/16 18:43:08,"27.50℃","35.94%",""
2023/06/16 18:53:08,"27.44℃","37.56%",""
2023/06/16 19:03:08,"27.19℃","37.56%",""
2023/06/16 19:13:08,"27.19℃","39.06%",""
2023/06/16 19:23:08,"27.06℃","38.50%",""
2023/06/16 19:33:08,"27.00℃","38.12%",""
2023/06/16 19:43:08,"26.81℃","39.38%",""
2023/06/16 19:53:08,"26.81℃","38.38%",""
2023/06/16 20:03:08,"26.63℃","38.81%",""
2023/06/16 20:13:08,"26.50℃","39.25%",""
2023/06/16 20:23:08,"26.31℃","39.56%",""
2023/06/16 20:33:08,"26.19℃","40.25%",""
2023/06/16 20:43:08,"26.00℃","41.06%",""
2023/06/16 20:53:08,"25.69℃","42.12%",""
2023/06/16 21:03:08,"25.44℃","43.25%",""
2023/06/16 21:13:08,"25.25℃","44.25%",""
2023/06/16 21:23:08,"25.00℃","45.31%",""
2023/06/16 21:33:08,"24.81℃","46.12%",""
2023/06/16 21:43:08,"24.63℃","46.62%",""
2023/06/16 21:53:08,"24.50℃","46.25%",""
2023/06/16 22:03:08,"24.31℃","47.00%",""
2023/06/16 22:13:08,"24.13℃","46.62%",""
2023/06/16 22:23:08,"24.06℃","46.56%",""
2023/06/16 22:33:08,"24.00℃","47.19%",""
2023/06/16 22:43:08,"23.81℃","47.88%",""
2023/06/16 22:53:08,"23.69℃","48.62%",""
2023/06/16 23:03:08,"23.38℃","49.50%",""
2023/06/16 23:13:08,"23.25℃","50.12%",""
2023/06/16 23:23:08,"23.13℃","50.69%",""
2023/06/16 23:33:08,"22.94℃","51.12%",""
2023/06/16 23:43:08,"22.81℃","50.94%",""
2023/06/16 23:53:08,"22.75℃","50.69%",""
2023/06/17 00:03:08,"22.50℃","48.25%",""
2023/06/17 00:13:08,"22.38℃","47.62%",""
2023/06/17 00:23:08,"22.19℃","46.94%",""
2023/06/17 00:33:08,"22.00℃","45.62%",""
2023/06/17 00:43:08,"22.13℃","42.00%",""
2023/06/17 00:53:08,"22.19℃","40.12%",""
2023/06/17 01:03:08,"22.06℃","40.19%",""
2023/06/17 01:13:08,"21.69℃","43.31%",""
2023/06/17 01:23:08,"21.13℃","44.50%",""
2023/06/17 01:33:08,"20.81℃","45.00%",""
2023/06/17 01:43:08,"20.81℃","44.62%",""
2023/06/17 01:53:08,"20.88℃","44.19%",""
2023/06/17 02:03:08,"20.88℃","44.56%",""
2023/06/17 02:13:08,"20.75℃","44.44%",""
2023/06/17 02:23:08,"20.75℃","45.25%",""
2023/06/17 02:33:08,"20.63℃","46.56%",""
2023/06/17 02:43:08,"20.44℃","47.12%",""
2023/06/17 02:53:08,"20.38℃","47.56%",""
2023/06/17 03:03:08,"20.38℃","47.62%",""
2023/06/17 03:13:08,"20.25℃","48.31%",""
2023/06/17 03:23:08,"19.81℃","50.62%",""
2023/06/17 03:33:08,"19.56℃","49.69%",""
2023/06/17 03:43:08,"19.75℃","52.06%",""
2023/06/17 03:53:08,"19.75℃","53.69%",""
2023/06/17 04:03:08,"19.88℃","54.56%",""
2023/06/17 04:13:08,"19.75℃","54.50%",""
2023/06/17 04:23:08,"19.56℃","55.88%",""
2023/06/17 04:33:08,"19.31℃","57.75%",""
2023/06/17 04:43:08,"19.06℃","59.12%",""
2023/06/17 04:53:08,"18.75℃","60.25%",""
2023/06/17 05:03:08,"18.50℃","61.31%",""
2023/06/17 05:13:08,"18.25℃","62.31%",""
2023/06/17 05:23:08,"18.00℃","62.62%",""
2023/06/17 05:33:08,"18.00℃","62.94%",""
2023/06/17 05:43:08,"18.00℃","62.31%",""
2023/06/17 05:53:08,"18.38℃","62.00%",""
2023/06/17 06:03:08,"19.31℃","59.50%",""
2023/06/17 06:13:08,"20.75℃","56.69%",""
2023/06/17 06:23:08,"21.75℃","53.81%",""
2023/06/17 06:33:08,"22.13℃","52.44%",""
2023/06/17 06:43:08,"21.25℃","53.38%",""
2023/06/17 06:53:08,"20.50℃","55.38%",""
2023/06/17 07:03:08,"20.56℃","55.81%",""
2023/06/17 07:13:08,"21.19℃","55.38%",""
2023/06/17 07:23:08,"23.63℃","51.31%",""
2023/06/17 07:33:08,"25.56℃","46.56%",""
2023/06/17 07:43:08,"26.31℃","43.00%",""
2023/06/17 07:53:08,"27.50℃","41.00%",""
2023/06/17 08:03:08,"28.19℃","39.19%",""
2023/06/17 08:13:08,"28.25℃","39.81%",""
2023/06/17 08:23:08,"29.19℃","38.19%",""
2023/06/17 08:33:08,"29.56℃","37.00%",""
2023/06/17 08:43:08,"30.06℃","36.00%",""
2023/06/17 08:53:08,"31.00℃","35.56%",""
2023/06/17 09:03:08,"32.44℃","33.81%",""
2023/06/17 09:13:08,"32.81℃","33.62%",""
2023/06/17 09:23:08,"33.25℃","32.56%",""
2023/06/17 09:33:08,"34.19℃","31.44%",""
2023/06/17 09:43:08,"35.00℃","30.19%",""
2023/06/17 09:53:08,"35.06℃","29.62%",""
2023/06/17 10:03:08,"35.13℃","29.56%",""
2023/06/17 10:13:08,"35.00℃","28.94%",""
2023/06/17 10:23:08,"35.25℃","28.25%",""
2023/06/17 10:33:08,"34.50℃","28.38%",""
2023/06/17 10:43:08,"34.81℃","28.81%",""
2023/06/17 10:53:08,"34.94℃","27.12%",""
2023/06/17 11:03:08,"34.06℃","24.38%",""
2023/06/17 11:13:08,"33.38℃","25.62%",""
2023/06/17 11:23:08,"32.44℃","26.44%",""
2023/06/17 11:33:08,"32.56℃","27.19%",""
2023/06/17 11:43:08,"32.31℃","26.31%",""
2023/06/17 11:53:08,"31.31℃","26.12%",""
2023/06/17 12:03:08,"31.75℃","28.81%",""
2023/06/17 12:13:08,"31.88℃","28.00%",""
2023/06/17 12:23:08,"31.50℃","29.50%",""
2023/06/17 12:33:08,"31.44℃","29.56%",""
2023/06/17 12:43:08,"31.00℃","29.38%",""
2023/06/17 12:53:08,"30.63℃","29.94%",""
2023/06/17 13:03:08,"30.06℃","30.88%",""
2023/06/17 13:13:08,"30.19℃","32.12%",""
2023/06/17 13:23:08,"30.00℃","30.88%",""
2023/06/17 13:33:08,"30.06℃","32.31%",""
2023/06/17 13:43:08,"29.94℃","32.88%",""
2023/06/17 13:53:08,"29.69℃","32.94%",""
2023/06/17 14:03:08,"29.75℃","32.38%",""
2023/06/17 14:13:08,"29.81℃","30.56%",""
2023/06/17 14:23:08,"30.00℃","30.31%",""
2023/06/17 14:33:08,"29.94℃","28.75%",""
2023/06/17 14:43:08,"29.88℃","30.69%",""
2023/06/17 14:53:08,"29.75℃","30.19%",""
2023/06/17 15:03:08,"29.75℃","30.81%",""
2023/06/17 15:13:08,"29.81℃","31.38%",""
2023/06/17 15:23:08,"30.00℃","31.00%",""
2023/06/17 15:33:08,"30.06℃","30.06%",""
2023/06/17 15:43:08,"30.13℃","28.44%",""
2023/06/17 15:53:08,"30.00℃","29.56%",""
2023/06/17 16:03:08,"29.94℃","29.38%",""
2023/06/17 16:13:08,"29.88℃","29.75%",""
2023/06/17 16:23:08,"29.81℃","30.12%",""
2023/06/17 16:33:08,"29.81℃","31.06%",""
2023/06/17 16:43:08,"29.75℃","30.81%",""
2023/06/17 16:53:08,"29.63℃","30.31%",""
2023/06/17 17:03:08,"29.50℃","29.88%",""
2023/06/17 17:13:08,"29.50℃","30.56%",""
2023/06/17 17:23:08,"29.38℃","30.50%",""
2023/06/17 17:33:08,"29.25℃","30.75%",""
2023/06/17 17:43:08,"29.19℃","30.88%",""
2023/06/17 17:53:08,"29.13℃","31.19%",""
2023/06/17 18:03:08,"29.06℃","31.81%",""
2023/06/17 18:13:08,"28.94℃","31.00%",""
2023/06/17 18:23:08,"28.88℃","31.38%",""
2023/06/17 18:33:08,"28.75℃","30.94%",""
2023/06/17 18:43:08,"28.69℃","31.38%",""
2023/06/17 18:53:08,"28.63℃","31.75%",""
2023/06/17 19:03:08,"28.50℃","32.06%",""
2023/06/17 19:13:08,"28.38℃","32.88%",""
2023/06/17 19:23:08,"28.19℃","33.88%",""
2023/06/17 19:33:08,"28.00℃","34.00%",""
2023/06/17 19:43:08,"27.88℃","34.88%",""
2023/06/17 19:53:08,"27.75℃","32.31%",""
2023/06/17 20:03:08,"27.56℃","31.94%",""
2023/06/17 20:13:08,"27.44℃","31.94%",""
2023/06/17 20:23:08,"27.25℃","33.00%",""
2023/06/17 20:33:08,"27.06℃","33.69%",""
2023/06/17 20:43:08,"26.81℃","34.44%",""
2023/06/17 20:53:08,"26.56℃","34.56%",""
2023/06/17 21:03:08,"26.38℃","34.88%",""
2023/06/17 21:13:08,"26.13℃","35.06%",""
2023/06/17 21:23:08,"25.88℃","35.56%",""
2023/06/17 21:33:08,"25.69℃","36.50%",""
2023/06/17 21:43:08,"25.50℃","37.06%",""
2023/06/17 21:53:08,"25.31℃","38.81%",""
2023/06/17 22:03:08,"25.13℃","39.88%",""
2023/06/17 22:13:08,"24.94℃","40.50%",""
2023/06/17 22:23:08,"24.81℃","40.75%",""
2023/06/17 22:33:08,"24.69℃","41.44%",""
2023/06/17 22:43:08,"24.31℃","43.50%",""
2023/06/17 22:53:08,"24.13℃","45.00%",""
2023/06/17 23:03:08,"23.81℃","47.25%",""
2023/06/17 23:13:08,"23.69℃","47.62%",""
2023/06/17 23:23:08,"23.38℃","49.81%",""
2023/06/17 23:33:08,"23.31℃","48.44%",""
2023/06/17 23:43:08,"23.25℃","48.31%",""
2023/06/17 23:53:08,"23.19℃","48.75%",""
2023/06/18 00:03:08,"23.00℃","50.19%",""
2023/06/18 00:13:08,"22.88℃","51.00%",""
2023/06/18 00:23:08,"22.75℃","51.88%",""
2023/06/18 00:33:08,"22.63℃","52.75%",""
2023/06/18 00:43:08,"22.50℃","53.44%",""
2023/06/18 00:53:08,"22.50℃","54.00%",""
2023/06/18 01:03:08,"22.44℃","54.56%",""
2023/06/18 01:13:08,"22.31℃","54.94%",""
2023/06/18 01:23:08,"22.25℃","54.94%",""
2023/06/18 01:33:08,"22.19℃","54.88%",""
2023/06/18 01:43:08,"21.88℃","54.75%",""
2023/06/18 01:53:08,"21.69℃","55.12%",""
2023/06/18 02:03:08,"21.63℃","55.56%",""
2023/06/18 02:13:08,"21.50℃","55.56%",""
2023/06/18 02:23:08,"21.38℃","56.44%",""
2023/06/18 02:33:08,"21.38℃","56.38%",""
2023/06/18 02:43:08,"21.25℃","56.88%",""
2023/06/18 02:53:08,"20.88℃","57.31%",""
2023/06/18 03:03:08,"20.81℃","57.81%",""
2023/06/18 03:13:08,"20.94℃","57.75%",""
2023/06/18 03:23:08,"20.94℃","57.94%",""
2023/06/18 03:33:08,"20.81℃","57.88%",""
2023/06/18 03:43:08,"20.63℃","57.62%",""
2023/06/18 03:53:08,"20.50℃","57.62%",""
2023/06/18 04:03:08,"20.44℃","57.38%",""
2023/06/18 04:13:08,"20.13℃","58.00%",""
2023/06/18 04:23:08,"19.94℃","58.38%",""
2023/06/18 04:33:08,"19.81℃","58.50%",""
2023/06/18 04:43:08,"19.56℃","59.44%",""
2023/06/18 04:53:08,"19.13℃","60.75%",""
2023/06/18 05:03:08,"19.00℃","60.56%",""
2023/06/18 05:13:08,"18.88℃","60.94%",""
2023/06/18 05:23:08,"18.81℃","61.12%",""
2023/06/18 05:33:08,"19.00℃","61.31%",""
2023/06/18 05:43:08,"19.19℃","60.75%",""
2023/06/18 05:53:08,"19.44℃","60.38%",""
2023/06/18 06:03:08,"19.56℃","59.94%",""
2023/06/18 06:13:08,"20.50℃","58.12%",""
2023/06/18 06:23:08,"21.88℃","55.44%",""
2023/06/18 06:33:08,"22.75℃","52.88%",""
2023/06/18 06:43:08,"23.56℃","50.69%",""
2023/06/18 06:53:08,"24.25℃","49.94%",""
2023/06/18 07:03:08,"25.94℃","47.19%",""
2023/06/18 07:13:08,"27.19℃","44.31%",""
2023/06/18 07:23:08,"27.13℃","43.19%",""
2023/06/18 07:33:08,"28.25℃","42.44%",""
2023/06/18 07:43:08,"29.63℃","39.56%",""
2023/06/18 07:53:08,"30.25℃","38.50%",""
2023/06/18 08:03:08,"30.38℃","38.38%",""
2023/06/18 08:13:08,"30.94℃","37.12%",""
2023/06/18 08:23:08,"31.00℃","36.69%",""
2023/06/18 08:33:08,"31.00℃","37.50%",""
2023/06/18 08:43:08,"31.38℃","36.25%",""
2023/06/18 08:53:08,"31.75℃","35.62%",""
2023/06/18 09:03:08,"33.13℃","33.94%",""
2023/06/18 09:13:08,"32.63℃","34.00%",""
2023/06/18 09:23:08,"33.69℃","32.31%",""
2023/06/18 09:33:08,"34.13℃","31.69%",""
2023/06/18 09:43:08,"34.00℃","31.06%",""
2023/06/18 09:53:08,"34.06℃","31.88%",""
2023/06/18 10:03:08,"33.56℃","32.31%",""
2023/06/18 10:13:08,"33.75℃","32.62%",""
2023/06/18 10:23:08,"33.50℃","32.06%",""
2023/06/18 10:33:08,"33.19℃","30.50%",""
2023/06/18 10:43:08,"33.81℃","29.94%",""
2023/06/18 10:53:08,"33.94℃","29.44%",""
2023/06/18 11:03:08,"33.81℃","29.44%",""
2023/06/18 11:13:08,"33.19℃","30.25%",""
2023/06/18 11:23:08,"32.69℃","30.88%",""
2023/06/18 11:33:08,"32.50℃","30.81%",""
2023/06/18 11:43:08,"32.19℃","31.19%",""
2023/06/18 11:53:08,"32.19℃","31.00%",""
2023/06/18 12:03:08,"31.56℃","30.19%",""
2023/06/18 12:13:08,"31.38℃","31.94%",""
2023/06/18 12:23:08,"31.19℃","32.62%",""
2023/06/18 12:33:08,"31.13℃","32.12%",""
2023/06/18 12:43:08,"30.94℃","32.44%",""
2023/06/18 12:53:08,"30.63℃","32.62%",""
2023/06/18 13:03:08,"30.44℃","32.81%",""
2023/06/18 13:13:08,"30.50℃","33.56%",""
2023/06/18 13:23:08,"30.38℃","33.75%",""
2023/06/18 13:33:08,"30.13℃","32.62%",""
2023/06/18 13:43:08,"30.00℃","33.06%",""
2023/06/18 13:53:08,"29.94℃","32.81%",""
2023/06/18 14:03:08,"30.00℃","32.44%",""
2023/06/18 14:13:08,"30.06℃","33.38%",""
2023/06/18 14:23:08,"30.31℃","34.44%",""
2023/06/18 14:33:08,"30.25℃","35.00%",""
2023/06/18 14:43:08,"30.19℃","35.56%",""
2023/06/18 14:53:08,"30.13℃","35.56%",""
2023/06/18 15:03:08,"30.25℃","36.56%",""
2023/06/18 15:13:08,"30.38℃","35.94%",""
2023/06/18 15:23:08,"30.31℃","35.12%",""
2023/06/18 15:33:08,"30.06℃","34.12%",""
2023/06/18 15:43:08,"30.00℃","32.81%",""
2023/06/18 15:53:08,"30.00℃","34.19%",""
2023/06/18 16:03:08,"30.13℃","35.19%",""
2023/06/18 16:13:08,"30.00℃","35.44%",""
2023/06/18 16:23:08,"29.94℃","34.31%",""
2023/06/18 16:33:08,"30.00℃","32.75%",""
2023/06/18 16:43:08,"29.75℃","33.62%",""
2023/06/18 16:53:08,"29.75℃","37.12%",""
2023/06/18 17:03:08,"29.69℃","38.19%",""
2023/06/18 17:13:08,"29.81℃","38.62%",""
2023/06/18 17:23:08,"30.06℃","38.19%",""
2023/06/18 17:33:08,"30.06℃","38.44%",""
2023/06/18 17:43:08,"29.94℃","38.31%",""
2023/06/18 17:53:08,"29.75℃","38.88%",""
2023/06/18 18:03:08,"29.88℃","39.38%",""
2023/06/18 18:13:08,"29.63℃","39.62%",""
2023/06/18 18:23:08,"29.38℃","40.44%",""
2023/06/18 18:33:08,"28.56℃","39.81%",""
2023/06/18 18:43:08,"28.25℃","41.19%",""
2023/06/18 18:53:08,"28.13℃","43.19%",""
2023/06/18 19:03:08,"28.13℃","45.62%",""
2023/06/18 19:13:08,"27.81℃","48.38%",""
2023/06/18 19:23:08,"27.31℃","50.75%",""
2023/06/18 19:33:08,"27.00℃","52.06%",""
2023/06/18 19:43:08,"26.75℃","52.25%",""
2023/06/18 19:53:08,"26.56℃","52.62%",""
2023/06/18 20:03:08,"26.25℃","50.94%",""
2023/06/18 20:13:08,"25.94℃","50.94%",""
2023/06/18 20:23:08,"25.81℃","51.44%",""
2023/06/18 20:33:08,"25.63℃","51.44%",""
2023/06/18 20:43:08,"25.63℃","51.75%",""
2023/06/18 20:53:08,"25.56℃","51.94%",""
2023/06/18 21:03:08,"25.56℃","52.81%",""
2023/06/18 21:13:08,"25.50℃","54.06%",""
2023/06/18 21:23:08,"25.25℃","55.94%",""
2023/06/18 21:33:08,"25.19℃","57.19%",""
2023/06/18 21:43:08,"25.13℃","58.94%",""
2023/06/18 21:53:08,"25.06℃","59.81%",""
2023/06/18 22:03:08,"25.00℃","61.00%",""
2023/06/18 22:13:08,"24.88℃","60.94%",""
2023/06/18 22:23:08,"24.63℃","61.75%",""
2023/06/18 22:33:08,"24.44℃","62.25%",""
2023/06/18 22:43:08,"24.31℃","63.12%",""
2023/06/18 22:53:08,"24.25℃","62.94%",""
2023/06/18 23:03:08,"24.25℃","62.00%",""
2023/06/18 23:13:08,"24.19℃","62.25%",""
2023/06/18 23:23:08,"24.06℃","62.75%",""
2023/06/18 23:33:08,"23.94℃","62.81%",""
2023/06/18 23:43:08,"23.75℃","61.00%",""
2023/06/18 23:53:08,"23.69℃","60.12%",""
2023/06/19 00:03:08,"23.50℃","59.75%",""
2023/06/19 00:13:08,"23.31℃","59.94%",""
2023/06/19 00:23:08,"23.19℃","59.88%",""
2023/06/19 00:33:08,"23.06℃","60.38%",""
2023/06/19 00:43:08,"23.00℃","60.75%",""
2023/06/19 00:53:08,"22.94℃","61.12%",""
2023/06/19 01:03:08,"22.88℃","61.19%",""
2023/06/19 01:13:08,"22.81℃","61.12%",""
2023/06/19 01:23:08,"22.75℃","61.06%",""
2023/06/19 01:33:08,"22.69℃","61.12%",""
2023/06/19 01:43:08,"22.56℃","61.19%",""
2023/06/19 01:53:08,"22.50℃","61.38%",""
2023/06/19 02:03:08,"22.44℃","61.81%",""
2023/06/19 02:13:08,"22.38℃","62.06%",""
2023/06/19 02:23:08,"22.31℃","62.25%",""
2023/06/19 02:33:08,"22.25℃","62.38%",""
2023/06/19 02:43:08,"22.19℃","62.44%",""
2023/06/19 02:53:08,"22.19℃","62.38%",""
2023/06/19 03:03:08,"22.13℃","62.38%",""
2023/06/19 03:13:08,"22.06℃","62.75%",""
2023/06/19 03:23:08,"21.94℃","62.88%",""
2023/06/19 03:33:08,"21.88℃","63.12%",""
2023/06/19 03:43:08,"21.81℃","63.38%",""
2023/06/19 03:53:08,"21.81℃","63.69%",""
2023/06/19 04:03:08,"21.63℃","64.00%",""
2023/06/19 04:13:08,"21.63℃","64.44%",""
2023/06/19 04:23:08,"21.56℃","64.56%",""
2023/06/19 04:33:08,"21.44℃","65.00%",""
2023/06/19 04:43:08,"21.31℃","65.50%",""
2023/06/19 04:53:08,"21.19℃","66.00%",""
2023/06/19 05:03:08,"21.19℃","66.06%",""
2023/06/19 05:13:08,"21.06℃","66.50%",""
2023/06/19 05:23:08,"20.75℃","67.50%",""
2023/06/19 05:33:08,"20.75℃","67.62%",""
2023/06/19 05:43:08,"20.56℃","67.88%",""
2023/06/19 05:53:08,"20.69℃","68.12%",""
2023/06/19 06:03:08,"20.63℃","68.06%",""
2023/06/19 06:13:08,"20.44℃","68.81%",""
2023/06/19 06:23:08,"20.38℃","69.44%",""
2023/06/19 06:33:08,"20.38℃","69.56%",""
2023/06/19 06:43:08,"20.81℃","68.88%",""
2023/06/19 06:53:08,"21.50℃","67.00%",""
2023/06/19 07:03:08,"22.25℃","65.38%",""
2023/06/19 07:13:08,"23.00℃","63.19%",""
2023/06/19 07:23:08,"24.13℃","61.00%",""
2023/06/19 07:33:08,"26.25℃","56.00%",""
2023/06/19 07:43:08,"26.81℃","53.69%",""
2023/06/19 07:53:08,"28.06℃","52.00%",""
2023/06/19 08:03:08,"29.31℃","49.06%",""
2023/06/19 08:13:08,"28.75℃","48.62%",""
2023/06/19 08:23:08,"29.75℃","46.31%",""
2023/06/19 08:33:08,"30.19℃","45.00%",""
2023/06/19 08:43:08,"30.38℃","44.69%",""
2023/06/19 08:53:08,"31.81℃","42.44%",""
2023/06/19 09:03:08,"32.25℃","40.50%",""
2023/06/19 09:13:08,"31.06℃","41.69%",""
2023/06/19 09:23:08,"32.13℃","38.50%",""
2023/06/19 09:33:08,"32.19℃","39.38%",""
2023/06/19 09:43:08,"33.00℃","38.12%",""
2023/06/19 09:53:08,"33.56℃","36.81%",""
2023/06/19 10:03:08,"34.31℃","35.50%",""
2023/06/19 10:13:08,"33.63℃","35.62%",""
2023/06/19 10:23:08,"34.13℃","34.94%",""
2023/06/19 10:33:08,"33.63℃","35.50%",""
2023/06/19 10:43:08,"33.81℃","35.38%",""
2023/06/19 10:53:08,"34.19℃","35.00%",""
2023/06/19 11:03:08,"33.56℃","35.88%",""
2023/06/19 11:13:08,"33.38℃","37.19%",""
2023/06/19 11:23:08,"33.13℃","37.25%",""
2023/06/19 11:33:08,"32.44℃","38.00%",""
2023/06/19 11:43:08,"32.06℃","39.56%",""
2023/06/19 11:53:08,"31.94℃","38.88%",""
2023/06/19 12:03:08,"31.81℃","39.25%",""
2023/06/19 12:13:08,"31.19℃","39.75%",""
2023/06/19 12:23:08,"31.00℃","40.88%",""
2023/06/19 12:33:08,"30.50℃","41.75%",""
2023/06/19 12:43:08,"30.63℃","41.00%",""
2023/06/19 12:53:08,"30.31℃","42.12%",""
2023/06/19 13:03:08,"29.94℃","42.62%",""
2023/06/19 13:13:08,"30.06℃","43.44%",""
2023/06/19 13:23:08,"29.88℃","44.19%",""
2023/06/19 13:33:08,"30.00℃","43.12%",""
2023/06/19 13:43:08,"29.75℃","44.12%",""
2023/06/19 13:53:08,"29.75℃","43.31%",""
2023/06/19 14:03:08,"29.69℃","42.06%",""
2023/06/19 14:13:08,"29.44℃","43.12%",""
2023/06/19 14:23:08,"29.44℃","42.81%",""
2023/06/19 14:33:08,"29.56℃","42.56%",""
2023/06/19 14:43:08,"29.69℃","42.62%",""
2023/06/19 14:53:08,"30.06℃","42.81%",""
2023/06/19 15:03:08,"30.06℃","43.12%",""
2023/06/19 15:13:08,"29.81℃","42.88%",""
2023/06/19 15:23:08,"29.94℃","42.56%",""
2023/06/19 15:33:08,"29.88℃","42.62%",""
2023/06/19 15:43:08,"29.81℃","43.62%",""
2023/06/19 15:53:08,"29.56℃","44.81%",""
2023/06/19 16:03:08,"29.69℃","45.00%",""
2023/06/19 16:13:08,"29.69℃","43.94%",""
2023/06/19 16:23:08,"29.88℃","42.06%",""
2023/06/19 16:33:08,"29.44℃","42.12%",""
2023/06/19 16:43:08,"29.38℃","44.12%",""
2023/06/19 16:53:08,"29.50℃","45.06%",""
2023/06/19 17:03:08,"29.75℃","44.75%",""
2023/06/19 17:13:08,"29.75℃","44.50%",""
2023/06/19 17:23:08,"29.69℃","45.06%",""
2023/06/19 17:33:08,"29.81℃","45.00%",""
2023/06/19 17:43:08,"29.88℃","44.56%",""
2023/06/19 17:53:08,"29.88℃","44.50%",""
2023/06/19 18:03:08,"29.75℃","44.88%",""
2023/06/19 18:13:08,"29.56℃","45.69%",""
2023/06/19 18:23:08,"29.63℃","45.75%",""
2023/06/19 18:33:08,"29.50℃","45.94%",""
2023/06/19 18:43:08,"29.31℃","47.06%",""
2023/06/19 18:53:08,"29.38℃","48.00%",""
2023/06/19 19:03:08,"29.44℃","48.44%",""
2023/06/19 19:13:08,"29.13℃","48.88%",""
2023/06/19 19:23:08,"29.00℃","49.44%",""
2023/06/19 19:33:08,"28.69℃","50.50%",""
2023/06/19 19:43:08,"28.31℃","51.31%",""
2023/06/19 19:53:08,"28.38℃","52.06%",""
2023/06/19 20:03:08,"28.19℃","51.31%",""
2023/06/19 20:13:08,"28.06℃","51.75%",""
2023/06/19 20:23:08,"28.00℃","52.06%",""
2023/06/19 20:33:08,"27.88℃","52.31%",""
2023/06/19 20:43:08,"27.94℃","52.31%",""
2023/06/19 20:53:08,"28.00℃","54.06%",""
2023/06/19 21:03:08,"27.56℃","53.94%",""
2023/06/19 21:13:08,"27.31℃","51.88%",""
2023/06/19 21:23:08,"27.19℃","51.00%",""
2023/06/19 21:33:08,"27.19℃","50.69%",""
2023/06/19 21:43:08,"27.06℃","50.44%",""
2023/06/19 21:53:08,"26.88℃","50.06%",""
2023/06/19 22:03:08,"26.69℃","49.44%",""
2023/06/19 22:13:08,"26.44℃","49.06%",""
2023/06/19 22:23:08,"26.31℃","48.56%",""
2023/06/19 22:33:08,"26.25℃","48.25%",""
2023/06/19 22:43:08,"26.06℃","48.06%",""
2023/06/19 22:53:08,"25.88℃","48.06%",""
2023/06/19 23:03:08,"25.75℃","48.19%",""
2023/06/19 23:13:08,"25.69℃","48.00%",""
2023/06/19 23:23:08,"25.50℃","48.44%",""
2023/06/19 23:33:08,"25.38℃","49.06%",""
2023/06/19 23:43:08,"25.31℃","48.94%",""
2023/06/19 23:53:08,"25.13℃","49.19%",""
2023/06/20 00:03:08,"24.19℃","49.62%",""
2023/06/20 00:13:08,"24.88℃","49.56%",""
2023/06/20 00:23:08,"24.88℃","49.81%",""
2023/06/20 00:33:08,"24.81℃","49.19%",""
2023/06/20 00:43:08,"24.75℃","48.56%",""
2023/06/20 00:53:08,"24.81℃","47.81%",""
2023/06/20 01:03:08,"24.75℃","47.50%",""
2023/06/20 01:13:08,"24.75℃","47.75%",""
2023/06/20 01:23:08,"24.63℃","48.12%",""
2023/06/20 01:33:08,"24.31℃","49.00%",""
2023/06/20 01:43:08,"24.19℃","49.50%",""
2023/06/20 01:53:08,"24.25℃","49.62%",""
2023/06/20 02:03:08,"24.13℃","50.00%",""
2023/06/20 02:13:08,"24.06℃","50.50%",""
2023/06/20 02:23:08,"23.94℃","50.50%",""
2023/06/20 02:33:08,"23.81℃","51.06%",""
2023/06/20 02:43:08,"23.63℃","51.88%",""
2023/06/20 02:53:08,"23.44℃","52.25%",""
2023/06/20 03:03:08,"23.31℃","52.81%",""
2023/06/20 03:13:08,"23.13℃","53.00%",""
2023/06/20 03:23:08,"23.06℃","53.69%",""
2023/06/20 03:33:08,"22.88℃","54.69%",""
2023/06/20 03:43:08,"22.94℃","55.38%",""
2023/06/20 03:53:08,"22.81℃","55.56%",""
2023/06/20 04:03:08,"22.75℃","55.88%",""
2023/06/20 04:13:08,"22.56℃","56.75%",""
2023/06/20 04:23:08,"22.50℃","58.50%",""
2023/06/20 04:33:08,"22.31℃","59.62%",""
2023/06/20 04:43:08,"22.25℃","60.62%",""
2023/06/20 04:53:08,"22.13℃","61.81%",""
2023/06/20 05:03:08,"22.06℃","62.62%",""
2023/06/20 05:13:08,"22.19℃","62.56%",""
2023/06/20 05:23:08,"22.19℃","63.00%",""
2023/06/20 05:33:08,"22.13℃","63.88%",""
2023/06/20 05:43:08,"22.25℃","64.19%",""
2023/06/20 05:53:08,"22.31℃","64.44%",""
2023/06/20 06:03:08,"22.31℃","64.50%",""
2023/06/20 06:13:08,"22.69℃","64.50%",""
2023/06/20 06:23:08,"23.06℃","63.50%",""
2023/06/20 06:33:08,"23.63℃","62.50%",""
2023/06/20 06:43:08,"24.44℃","60.75%",""
2023/06/20 06:53:08,"25.00℃","59.38%",""
2023/06/20 07:03:08,"25.88℃","57.19%",""
2023/06/20 07:13:08,"27.00℃","54.81%",""
2023/06/20 07:23:08,"27.50℃","53.50%",""
2023/06/20 07:33:08,"27.56℃","52.62%",""
2023/06/20 07:43:08,"27.56℃","52.69%",""
2023/06/20 07:53:08,"29.00℃","50.88%",""
2023/06/20 08:03:08,"30.31℃","48.31%",""
2023/06/20 08:13:08,"30.56℃","47.69%",""
2023/06/20 08:23:08,"31.13℃","47.06%",""
2023/06/20 08:33:08,"32.00℃","45.19%",""
2023/06/20 08:43:08,"32.88℃","42.56%",""
2023/06/20 08:53:08,"33.31℃","41.25%",""
2023/06/20 09:03:08,"33.81℃","39.19%",""
2023/06/20 09:13:08,"34.56℃","36.69%",""
2023/06/20 09:23:08,"35.19℃","34.94%",""
2023/06/20 09:33:08,"35.25℃","32.94%",""
2023/06/20 09:43:08,"35.38℃","30.94%",""
2023/06/20 09:53:08,"35.63℃","31.94%",""
2023/06/20 10:03:08,"35.63℃","30.25%",""
2023/06/20 10:13:08,"35.44℃","29.38%",""
2023/06/20 10:23:08,"34.94℃","29.94%",""
2023/06/20 10:33:08,"34.94℃","30.94%",""
2023/06/20 10:43:08,"34.75℃","31.69%",""
2023/06/20 10:53:08,"34.81℃","32.25%",""
2023/06/20 11:03:08,"34.44℃","32.25%",""
2023/06/20 11:13:08,"34.06℃","32.94%",""
2023/06/20 11:23:08,"34.06℃","31.31%",""
2023/06/20 11:33:08,"33.56℃","32.62%",""
2023/06/20 11:43:08,"33.50℃","29.19%",""
2023/06/20 11:53:08,"33.13℃","32.19%",""
2023/06/20 12:03:08,"33.44℃","30.12%",""
2023/06/20 12:13:08,"33.13℃","32.31%",""
2023/06/20 12:23:08,"32.81℃","30.88%",""
2023/06/20 12:33:08,"32.50℃","31.88%",""
2023/06/20 12:43:08,"32.44℃","29.81%",""
2023/06/20 12:53:08,"32.31℃","29.38%",""
2023/06/20 13:03:08,"32.25℃","30.06%",""
2023/06/20 13:13:08,"32.00℃","29.75%",""
2023/06/20 13:23:08,"31.94℃","31.06%",""
2023/06/20 13:33:08,"31.75℃","31.12%",""
2023/06/20 13:43:08,"32.00℃","30.19%",""
2023/06/20 13:53:08,"32.00℃","28.25%",""
2023/06/20 14:03:08,"32.06℃","28.75%",""
2023/06/20 14:13:08,"32.00℃","28.38%",""
2023/06/20 14:23:08,"31.94℃","29.44%",""
2023/06/20 14:33:08,"32.13℃","29.06%",""
2023/06/20 14:43:08,"32.06℃","29.06%",""
2023/06/20 14:53:08,"32.19℃","29.12%",""
2023/06/20 15:03:08,"32.19℃","28.88%",""
2023/06/20 15:13:08,"32.06℃","27.88%",""
2023/06/20 15:23:08,"31.94℃","28.25%",""
2023/06/20 15:33:08,"31.81℃","28.44%",""
2023/06/20 15:43:08,"31.50℃","29.06%",""
2023/06/20 15:53:08,"31.44℃","30.56%",""
2023/06/20 16:03:08,"31.50℃","31.75%",""
2023/06/20 16:13:08,"31.69℃","31.38%",""
2023/06/20 16:23:08,"31.38℃","32.00%",""
2023/06/20 16:33:08,"31.31℃","32.12%",""
2023/06/20 16:43:08,"30.88℃","33.38%",""
2023/06/20 16:53:08,"30.63℃","34.12%",""
2023/06/20 17:03:08,"31.00℃","34.62%",""
2023/06/20 17:13:08,"30.88℃","34.12%",""
2023/06/20 17:23:08,"30.81℃","32.38%",""
2023/06/20 17:33:08,"30.63℃","31.81%",""
2023/06/20 17:43:08,"30.63℃","32.50%",""
2023/06/20 17:53:08,"30.56℃","33.25%",""
2023/06/20 18:03:08,"30.50℃","32.38%",""
2023/06/20 18:13:08,"30.31℃","31.69%",""
2023/06/20 18:23:08,"30.25℃","32.94%",""
2023/06/20 18:33:08,"30.06℃","34.50%",""
2023/06/20 18:43:08,"29.88℃","35.94%",""
2023/06/20 18:53:08,"29.69℃","34.56%",""
2023/06/20 19:03:08,"29.63℃","35.06%",""
2023/06/20 19:13:08,"29.31℃","38.75%",""
2023/06/20 19:23:08,"29.00℃","37.25%",""
2023/06/20 19:33:08,"28.81℃","37.00%",""
2023/06/20 19:43:08,"28.56℃","37.31%",""
2023/06/20 19:53:08,"28.44℃","37.81%",""
2023/06/20 20:03:08,"28.25℃","37.50%",""
2023/06/20 20:13:08,"28.06℃","37.38%",""
2023/06/20 20:23:08,"28.00℃","37.69%",""
2023/06/20 20:33:08,"27.88℃","38.69%",""
2023/06/20 20:43:08,"27.75℃","39.00%",""
2023/06/20 20:53:08,"27.56℃","39.62%",""
2023/06/20 21:03:08,"27.44℃","39.69%",""
2023/06/20 21:13:08,"27.25℃","39.94%",""
2023/06/20 21:23:08,"27.13℃","40.62%",""
2023/06/20 21:33:08,"27.00℃","40.50%",""
2023/06/20 21:43:08,"26.81℃","41.19%",""
2023/06/20 21:53:08,"26.69℃","41.69%",""
2023/06/20 22:03:08,"26.56℃","42.06%",""
2023/06/20 22:13:08,"26.31℃","42.62%",""
2023/06/20 22:23:08,"26.13℃","43.50%",""
2023/06/20 22:33:08,"26.00℃","43.94%",""
2023/06/20 22:43:08,"25.75℃","44.69%",""
2023/06/20 22:53:08,"25.75℃","45.31%",""
2023/06/20 23:03:08,"25.63℃","46.06%",""
2023/06/20 23:13:08,"25.50℃","46.50%",""
2023/06/20 23:23:08,"25.31℃","46.56%",""
2023/06/20 23:33:08,"25.00℃","47.06%",""
2023/06/20 23:43:08,"24.88℃","47.56%",""
2023/06/20 23:53:08,"24.81℃","47.69%",""
2023/06/21 00:03:08,"24.63℃","48.25%",""
2023/06/21 00:13:08,"24.50℃","49.00%",""
2023/06/21 00:23:08,"24.38℃","49.62%",""
2023/06/21 00:33:08,"24.31℃","50.00%",""
2023/06/21 00:43:08,"24.19℃","50.25%",""
2023/06/21 00:53:08,"24.00℃","50.25%",""
2023/06/21 01:03:08,"24.00℃","50.06%",""
2023/06/21 01:13:08,"23.81℃","49.94%",""
2023/06/21 01:23:08,"23.69℃","50.38%",""
2023/06/21 01:33:08,"23.63℃","50.62%",""
2023/06/21 01:43:08,"23.56℃","50.81%",""
2023/06/21 01:53:08,"23.50℃","51.06%",""
2023/06/21 02:03:08,"23.38℃","51.06%",""
2023/06/21 02:13:08,"23.38℃","51.38%",""
2023/06/21 02:23:08,"23.31℃","51.56%",""
2023/06/21 02:33:08,"23.25℃","51.81%",""
2023/06/21 02:43:08,"23.06℃","52.25%",""
2023/06/21 02:53:08,"23.06℃","52.44%",""
2023/06/21 03:03:08,"22.94℃","52.81%",""
2023/06/21 03:13:08,"22.88℃","53.00%",""
2023/06/21 03:23:08,"22.75℃","53.38%",""
2023/06/21 03:33:08,"22.56℃","53.88%",""
2023/06/21 03:43:08,"22.50℃","54.19%",""
2023/06/21 03:53:08,"22.50℃","54.44%",""
2023/06/21 04:03:08,"22.44℃","54.62%",""
2023/06/21 04:13:08,"22.38℃","54.81%",""
2023/06/21 04:23:08,"22.25℃","54.81%",""
2023/06/21 04:33:08,"22.19℃","54.94%",""
2023/06/21 04:43:08,"22.13℃","55.19%",""
2023/06/21 04:53:08,"22.06℃","55.31%",""
2023/06/21 05:03:08,"22.00℃","55.75%",""
2023/06/21 05:13:08,"21.94℃","55.81%",""
2023/06/21 05:23:08,"21.88℃","56.00%",""
2023/06/21 05:33:08,"21.75℃","56.69%",""
2023/06/21 05:43:08,"21.69℃","57.31%",""
2023/06/21 05:53:08,"21.75℃","57.56%",""
2023/06/21 06:03:08,"21.81℃","57.94%",""
2023/06/21 06:13:08,"22.06℃","57.75%",""
2023/06/21 06:23:08,"22.50℃","57.25%",""
2023/06/21 06:33:08,"22.81℃","56.50%",""
2023/06/21 06:43:08,"23.63℃","55.31%",""
2023/06/21 06:53:08,"24.50℃","53.38%",""
2023/06/21 07:03:08,"25.31℃","51.75%",""
2023/06/21 07:13:08,"26.31℃","49.75%",""
2023/06/21 07:23:08,"26.56℃","48.50%",""
2023/06/21 07:33:08,"27.19℃","47.69%",""
2023/06/21 07:43:08,"27.56℃","46.81%",""
2023/06/21 07:53:08,"28.69℃","44.81%",""
2023/06/21 08:03:08,"29.75℃","42.94%",""
2023/06/21 08:13:08,"30.69℃","41.00%",""
2023/06/21 08:23:08,"31.44℃","39.81%",""
2023/06/21 08:33:08,"32.13℃","38.31%",""
2023/06/21 08:43:08,"32.56℃","37.19%",""
2023/06/21 08:53:08,"33.25℃","36.00%",""
2023/06/21 09:03:08,"33.75℃","35.38%",""
2023/06/21 09:13:08,"34.25℃","34.62%",""
2023/06/21 09:23:08,"34.44℃","33.50%",""
2023/06/21 09:33:08,"34.19℃","33.31%",""
2023/06/21 09:43:08,"34.50℃","33.31%",""
2023/06/21 09:53:08,"35.00℃","32.62%",""
2023/06/21 10:03:08,"35.19℃","32.19%",""
2023/06/21 10:13:08,"35.13℃","29.88%",""
2023/06/21 10:23:08,"35.38℃","29.50%",""
2023/06/21 10:33:08,"35.50℃","29.19%",""
2023/06/21 10:43:08,"35.56℃","28.62%",""
2023/06/21 10:53:08,"35.25℃","28.94%",""
2023/06/21 11:03:08,"35.13℃","28.50%",""
2023/06/21 11:13:08,"34.69℃","28.06%",""
2023/06/21 11:23:08,"34.38℃","28.81%",""
2023/06/21 11:33:08,"34.38℃","28.69%",""
2023/06/21 11:43:08,"34.00℃","28.69%",""
2023/06/21 11:53:08,"33.38℃","30.25%",""
2023/06/21 12:03:08,"33.06℃","31.00%",""
2023/06/21 12:13:08,"33.13℃","31.81%",""
2023/06/21 12:23:08,"33.19℃","31.94%",""
2023/06/21 12:33:08,"33.06℃","29.31%",""
2023/06/21 12:43:08,"32.94℃","29.62%",""
2023/06/21 12:53:08,"32.88℃","29.12%",""
2023/06/21 13:03:08,"32.63℃","29.88%",""
2023/06/21 13:13:08,"32.50℃","28.19%",""
2023/06/21 13:23:08,"32.50℃","28.56%",""
2023/06/21 13:33:08,"32.38℃","28.12%",""
2023/06/21 13:43:08,"32.25℃","30.69%",""
2023/06/21 13:53:08,"32.31℃","29.50%",""
2023/06/21 14:03:08,"32.25℃","28.69%",""
2023/06/21 14:13:08,"31.88℃","28.94%",""
2023/06/21 14:23:08,"32.06℃","29.12%",""
2023/06/21 14:33:08,"32.19℃","28.12%",""
2023/06/21 14:43:08,"32.13℃","28.44%",""
2023/06/21 14:53:08,"32.19℃","27.62%",""
2023/06/21 15:03:08,"32.19℃","28.69%",""
2023/06/21 15:13:08,"32.06℃","30.62%",""
2023/06/21 15:23:08,"32.06℃","29.75%",""
2023/06/21 15:33:08,"32.19℃","29.69%",""
2023/06/21 15:43:08,"31.94℃","29.25%",""
2023/06/21 15:53:08,"31.81℃","29.81%",""
2023/06/21 16:03:08,"32.19℃","30.75%",""
2023/06/21 16:13:08,"32.38℃","30.31%",""
2023/06/21 16:23:08,"32.31℃","31.31%",""
2023/06/21 16:33:08,"32.44℃","31.50%",""
2023/06/21 16:43:08,"32.38℃","31.81%",""
2023/06/21 16:53:08,"32.19℃","31.69%",""
2023/06/21 17:03:08,"31.88℃","32.94%",""
2023/06/21 17:13:08,"31.88℃","33.56%",""
2023/06/21 17:23:08,"31.56℃","33.44%",""
2023/06/21 17:33:08,"31.75℃","34.56%",""
2023/06/21 17:43:08,"31.81℃","34.06%",""
2023/06/21 17:53:08,"31.63℃","34.38%",""
2023/06/21 18:03:08,"31.50℃","35.56%",""
2023/06/21 18:13:08,"31.31℃","35.56%",""
2023/06/21 18:23:08,"31.19℃","35.75%",""
2023/06/21 18:33:08,"31.06℃","35.88%",""
2023/06/21 18:43:08,"30.75℃","36.06%",""
2023/06/21 18:53:08,"30.56℃","36.62%",""
2023/06/21 19:03:08,"30.44℃","36.94%",""
2023/06/21 19:13:08,"30.25℃","37.19%",""
2023/06/21 19:23:08,"30.00℃","37.56%",""
2023/06/21 19:33:08,"29.81℃","38.31%",""
2023/06/21 19:43:08,"29.69℃","37.94%",""
2023/06/21 19:53:08,"29.56℃","38.56%",""
2023/06/21 20:03:08,"29.38℃","39.44%",""
2023/06/21 20:13:08,"29.19℃","39.69%",""
2023/06/21 20:23:08,"29.06℃","40.06%",""
2023/06/21 20:33:08,"28.94℃","40.31%",""
2023/06/21 20:43:08,"28.81℃","40.50%",""
2023/06/21 20:53:08,"28.69℃","40.75%",""
2023/06/21 21:03:08,"28.50℃","41.38%",""
2023/06/21 21:13:08,"28.38℃","42.44%",""
2023/06/21 21:23:08,"28.19℃","43.94%",""
2023/06/21 21:33:08,"28.00℃","44.81%",""
2023/06/21 21:43:08,"27.88℃","45.69%",""
2023/06/21 21:53:08,"27.75℃","46.25%",""
2023/06/21 22:03:08,"27.63℃","46.94%",""
2023/06/21 22:13:08,"27.44℃","47.81%",""
2023/06/21 22:23:08,"27.31℃","47.94%",""
2023/06/21 22:33:08,"27.25℃","48.81%",""
2023/06/21 22:43:08,"27.00℃","49.56%",""
2023/06/21 22:53:08,"27.00℃","49.50%",""
2023/06/21 23:03:08,"26.94℃","49.81%",""
2023/06/21 23:13:08,"26.75℃","50.81%",""
2023/06/21 23:23:08,"26.63℃","51.44%",""
2023/06/21 23:33:08,"26.56℃","51.94%",""
2023/06/21 23:43:08,"26.44℃","52.62%",""
2023/06/21 23:53:08,"26.38℃","53.38%",""
2023/06/22 00:03:08,"26.06℃","54.25%",""
2023/06/22 00:13:08,"25.94℃","55.06%",""
2023/06/22 00:23:08,"25.63℃","56.12%",""
2023/06/22 00:33:08,"25.63℃","56.50%",""
2023/06/22 00:43:08,"25.75℃","57.00%",""
2023/06/22 00:53:08,"25.75℃","57.19%",""
2023/06/22 01:03:08,"25.69℃","57.69%",""
2023/06/22 01:13:08,"25.56℃","58.38%",""
2023/06/22 01:23:08,"25.50℃","58.88%",""
2023/06/22 01:33:08,"25.31℃","59.56%",""
2023/06/22 01:43:08,"25.25℃","59.94%",""
2023/06/22 01:53:08,"25.25℃","59.88%",""
2023/06/22 02:03:08,"25.06℃","60.38%",""
2023/06/22 02:13:08,"25.00℃","60.50%",""
2023/06/22 02:23:08,"25.00℃","60.44%",""
2023/06/22 02:33:08,"24.88℃","60.44%",""
2023/06/22 02:43:08,"24.63℃","60.69%",""
2023/06/22 02:53:08,"24.50℃","60.88%",""
2023/06/22 03:03:08,"24.50℃","60.75%",""
2023/06/22 03:13:08,"24.25℃","61.94%",""
2023/06/22 03:23:08,"23.94℃","62.69%",""
2023/06/22 03:33:08,"23.75℃","63.56%",""
2023/06/22 03:43:08,"23.94℃","63.06%",""
2023/06/22 03:53:08,"24.00℃","62.38%",""
2023/06/22 04:03:08,"24.00℃","62.50%",""
2023/06/22 04:13:08,"24.06℃","62.56%",""
2023/06/22 04:23:08,"23.88℃","63.06%",""
2023/06/22 04:33:08,"23.63℃","64.19%",""
2023/06/22 04:43:08,"23.44℃","64.62%",""
2023/06/22 04:53:08,"23.69℃","63.75%",""
2023/06/22 05:03:08,"23.81℃","63.44%",""
2023/06/22 05:13:08,"23.63℃","63.94%",""
2023/06/22 05:23:08,"23.69℃","63.81%",""
2023/06/22 05:33:08,"23.81℃","63.75%",""
2023/06/22 05:43:08,"23.94℃","63.56%",""
2023/06/22 05:53:08,"23.94℃","63.81%",""
2023/06/22 06:03:08,"23.63℃","64.69%",""
2023/06/22 06:13:08,"23.31℃","65.62%",""
2023/06/22 06:23:08,"23.56℃","64.88%",""
2023/06/22 06:33:08,"23.81℃","64.00%",""
2023/06/22 06:43:08,"23.38℃","65.06%",""
2023/06/22 06:53:08,"23.63℃","64.38%",""
2023/06/22 07:03:08,"24.00℃","63.69%",""
2023/06/22 07:13:08,"24.13℃","63.88%",""
2023/06/22 07:23:08,"24.25℃","63.75%",""
2023/06/22 07:33:08,"24.50℃","63.56%",""
2023/06/22 07:43:08,"25.38℃","61.75%",""
2023/06/22 07:53:08,"28.00℃","56.00%",""
2023/06/22 08:03:08,"29.25℃","52.50%",""
2023/06/22 08:13:08,"29.31℃","50.94%",""
2023/06/22 08:23:08,"28.56℃","52.69%",""
2023/06/22 08:33:08,"29.94℃","49.44%",""
2023/06/22 08:43:08,"30.00℃","48.62%",""
2023/06/22 08:53:08,"31.88℃","46.12%",""
2023/06/22 09:03:08,"33.44℃","42.62%",""
2023/06/22 09:13:08,"34.25℃","40.25%",""
2023/06/22 09:23:08,"34.31℃","38.94%",""
2023/06/22 09:33:08,"34.31℃","39.31%",""
2023/06/22 09:43:08,"34.56℃","38.88%",""
2023/06/22 09:53:08,"33.00℃","40.44%",""
2023/06/22 10:03:08,"33.69℃","39.81%",""
2023/06/22 10:13:08,"34.69℃","38.31%",""
2023/06/22 10:23:08,"35.38℃","37.12%",""
2023/06/22 10:33:08,"36.19℃","36.00%",""
2023/06/22 10:43:08,"36.00℃","35.25%",""
2023/06/22 10:53:08,"35.75℃","36.06%",""
2023/06/22 11:03:08,"35.50℃","36.25%",""
2023/06/22 11:13:08,"35.00℃","36.44%",""
2023/06/22 11:23:08,"35.44℃","34.62%",""
2023/06/22 11:33:08,"35.25℃","35.00%",""
2023/06/22 11:43:08,"34.94℃","34.25%",""
2023/06/22 11:53:08,"34.94℃","35.06%",""
2023/06/22 12:03:08,"34.56℃","34.12%",""
2023/06/22 12:13:08,"34.31℃","33.31%",""
2023/06/22 12:23:08,"34.31℃","32.88%",""
2023/06/22 12:33:08,"33.56℃","33.62%",""
2023/06/22 12:43:08,"33.06℃","34.62%",""
2023/06/22 12:53:08,"33.00℃","35.25%",""
2023/06/22 13:03:08,"33.00℃","35.50%",""
2023/06/22 13:13:08,"32.56℃","35.69%",""
2023/06/22 13:23:08,"32.56℃","34.62%",""
2023/06/22 13:33:08,"32.38℃","35.31%",""
2023/06/22 13:43:08,"32.19℃","35.12%",""
2023/06/22 13:53:08,"32.38℃","35.62%",""
2023/06/22 14:03:08,"32.44℃","35.06%",""
2023/06/22 14:13:08,"32.69℃","35.94%",""
2023/06/22 14:23:08,"33.06℃","36.69%",""
2023/06/22 14:33:08,"33.00℃","36.00%",""
2023/06/22 14:43:08,"33.13℃","36.94%",""
2023/06/22 14:53:08,"33.25℃","36.81%",""
2023/06/22 15:03:08,"33.63℃","35.69%",""
2023/06/22 15:13:08,"33.19℃","34.88%",""
2023/06/22 15:23:08,"33.38℃","36.38%",""
2023/06/22 15:33:08,"33.25℃","35.00%",""
2023/06/22 15:43:08,"33.56℃","35.62%",""
2023/06/22 15:53:08,"33.56℃","35.94%",""
2023/06/22 16:03:08,"33.69℃","36.88%",""
2023/06/22 16:13:08,"33.75℃","37.00%",""
2023/06/22 16:23:08,"33.69℃","36.62%",""
2023/06/22 16:33:08,"33.50℃","36.88%",""
2023/06/22 16:43:08,"33.50℃","38.56%",""
2023/06/22 16:53:08,"33.31℃","40.50%",""
2023/06/22 17:03:08,"33.00℃","41.25%",""
2023/06/22 17:13:08,"32.56℃","41.44%",""
2023/06/22 17:23:08,"32.50℃","41.88%",""
2023/06/22 17:33:08,"32.44℃","40.94%",""
2023/06/22 17:43:08,"32.19℃","41.19%",""
2023/06/22 17:53:08,"31.69℃","41.69%",""
2023/06/22 18:03:08,"31.63℃","41.88%",""
2023/06/22 18:13:08,"31.75℃","41.69%",""
2023/06/22 18:23:08,"31.69℃","41.69%",""
2023/06/22 18:33:08,"31.38℃","42.56%",""
2023/06/22 18:43:08,"31.19℃","41.94%",""
2023/06/22 18:53:08,"30.94℃","42.31%",""
2023/06/22 19:03:08,"30.94℃","43.00%",""
2023/06/22 19:13:08,"30.69℃","43.38%",""
2023/06/22 19:23:08,"30.50℃","44.44%",""
2023/06/22 19:33:08,"30.38℃","44.50%",""
2023/06/22 19:43:08,"30.06℃","45.25%",""
2023/06/22 19:53:08,"30.06℃","46.12%",""
2023/06/22 20:03:08,"30.00℃","46.69%",""
2023/06/22 20:13:08,"29.88℃","47.00%",""
2023/06/22 20:23:08,"29.69℃","47.50%",""
2023/06/22 20:33:08,"29.44℃","48.56%",""
2023/06/22 20:43:08,"29.38℃","49.44%",""
2023/06/22 20:53:08,"29.19℃","50.56%",""
2023/06/22 21:03:08,"29.00℃","50.62%",""
2023/06/22 21:13:08,"28.81℃","51.44%",""
2023/06/22 21:23:08,"28.56℃","52.06%",""
2023/06/22 21:33:08,"28.50℃","54.00%",""
2023/06/22 21:43:08,"28.19℃","54.38%",""
2023/06/22 21:53:08,"28.00℃","55.12%",""
2023/06/22 22:03:08,"27.94℃","55.38%",""
2023/06/22 22:13:08,"28.06℃","55.12%",""
2023/06/22 22:23:08,"28.00℃","55.19%",""
2023/06/22 22:33:08,"27.94℃","55.56%",""
2023/06/22 22:43:08,"27.94℃","55.75%",""
2023/06/22 22:53:08,"27.75℃","56.44%",""
2023/06/22 23:03:08,"27.75℃","56.88%",""
2023/06/22 23:13:08,"27.56℃","56.44%",""
2023/06/22 23:23:08,"27.25℃","57.06%",""
2023/06/22 23:33:08,"27.19℃","57.44%",""
2023/06/22 23:43:08,"27.06℃","57.50%",""
2023/06/22 23:53:08,"26.81℃","58.81%",""
2023/06/23 00:03:08,"26.63℃","59.12%",""
2023/06/23 00:13:08,"26.50℃","59.38%",""
2023/06/23 00:23:08,"26.44℃","59.75%",""
2023/06/23 00:33:08,"26.44℃","60.00%",""
2023/06/23 00:43:08,"26.06℃","59.69%",""
2023/06/23 00:53:08,"25.88℃","58.44%",""
2023/06/23 01:03:08,"25.75℃","57.88%",""
2023/06/23 01:13:08,"25.50℃","56.19%",""
2023/06/23 01:23:08,"25.25℃","55.56%",""
2023/06/23 01:33:08,"25.06℃","54.56%",""
2023/06/23 01:43:08,"25.00℃","53.12%",""
2023/06/23 01:53:08,"24.81℃","52.94%",""
2023/06/23 02:03:08,"24.75℃","52.81%",""
2023/06/23 02:13:08,"24.50℃","52.88%",""
2023/06/23 02:23:08,"24.38℃","52.25%",""
2023/06/23 02:33:08,"24.31℃","51.50%",""
2023/06/23 02:43:08,"24.31℃","51.19%",""
2023/06/23 02:53:08,"24.19℃","50.81%",""
2023/06/23 03:03:08,"24.00℃","50.44%",""
2023/06/23 03:13:08,"23.94℃","50.62%",""
2023/06/23 03:23:08,"24.00℃","50.38%",""
2023/06/23 03:33:08,"23.75℃","50.50%",""
2023/06/23 03:43:08,"23.50℃","51.31%",""
2023/06/23 03:53:08,"23.44℃","51.56%",""
2023/06/23 04:03:08,"23.31℃","51.75%",""
2023/06/23 04:13:08,"23.06℃","52.00%",""
2023/06/23 04:23:08,"22.88℃","52.50%",""
2023/06/23 04:33:08,"22.75℃","53.00%",""
2023/06/23 04:43:08,"22.75℃","53.19%",""
2023/06/23 04:53:08,"22.81℃","53.19%",""
2023/06/23 05:03:08,"22.94℃","52.94%",""
2023/06/23 05:13:08,"22.94℃","52.88%",""
2023/06/23 05:23:08,"22.88℃","52.31%",""
2023/06/23 05:33:08,"22.81℃","52.12%",""
2023/06/23 05:43:08,"22.81℃","52.19%",""
2023/06/23 05:53:08,"22.75℃","51.81%",""
2023/06/23 06:03:08,"22.56℃","52.50%",""
2023/06/23 06:13:08,"22.13℃","54.19%",""
2023/06/23 06:23:08,"21.88℃","55.25%",""
2023/06/23 06:33:08,"21.94℃","55.88%",""
2023/06/23 06:43:08,"22.25℃","55.56%",""
2023/06/23 06:53:08,"23.44℃","53.75%",""
2023/06/23 07:03:08,"25.81℃","48.94%",""
2023/06/23 07:13:08,"27.50℃","44.81%",""
2023/06/23 07:23:08,"28.25℃","42.75%",""
2023/06/23 07:33:08,"29.00℃","40.50%",""
2023/06/23 07:43:08,"29.94℃","39.00%",""
2023/06/23 07:53:08,"31.38℃","36.50%",""
2023/06/23 08:03:08,"33.50℃","34.19%",""
2023/06/23 08:13:08,"33.81℃","32.94%",""
2023/06/23 08:23:08,"34.88℃","31.25%",""
2023/06/23 08:33:08,"35.75℃","33.19%",""
2023/06/23 08:43:08,"36.75℃","28.75%",""
2023/06/23 08:53:08,"36.75℃","29.81%",""
2023/06/23 09:03:08,"36.69℃","29.00%",""
2023/06/23 09:13:08,"36.19℃","28.69%",""
2023/06/23 09:23:08,"37.06℃","28.50%",""
2023/06/23 09:33:08,"37.06℃","28.00%",""
2023/06/23 09:43:08,"37.19℃","26.12%",""
2023/06/23 09:53:08,"36.38℃","26.25%",""
2023/06/23 10:03:08,"36.00℃","26.19%",""
2023/06/23 10:13:08,"34.31℃","27.56%",""
2023/06/23 10:23:08,"35.88℃","25.75%",""
2023/06/23 10:33:08,"36.13℃","25.00%",""
2023/06/23 10:43:08,"33.50℃","26.44%",""
2023/06/23 10:53:08,"32.31℃","26.50%",""
2023/06/23 11:03:08,"32.31℃","27.56%",""
2023/06/23 11:13:08,"32.44℃","27.44%",""
2023/06/23 11:23:08,"32.06℃","27.31%",""
2023/06/23 11:33:08,"32.25℃","27.31%",""
2023/06/23 11:43:08,"32.00℃","27.44%",""
2023/06/23 11:53:08,"31.75℃","28.06%",""
2023/06/23 12:03:08,"31.63℃","28.06%",""
2023/06/23 12:13:08,"31.38℃","28.50%",""
2023/06/23 12:23:08,"31.25℃","28.62%",""
2023/06/23 12:33:08,"31.25℃","28.94%",""
2023/06/23 12:43:08,"30.50℃","29.31%",""
2023/06/23 12:53:08,"30.19℃","29.94%",""
2023/06/23 13:03:08,"30.06℃","29.44%",""
2023/06/23 13:13:08,"29.88℃","29.31%",""
2023/06/23 13:23:08,"29.94℃","29.38%",""
2023/06/23 13:33:08,"30.63℃","28.94%",""
2023/06/23 13:43:08,"31.06℃","27.50%",""
2023/06/23 13:53:08,"31.13℃","27.38%",""
2023/06/23 14:03:08,"31.25℃","27.00%",""
2023/06/23 14:13:08,"31.19℃","26.38%",""
2023/06/23 14:23:08,"31.13℃","25.62%",""
2023/06/23 14:33:08,"31.31℃","26.25%",""
2023/06/23 14:43:08,"31.19℃","25.38%",""
2023/06/23 14:53:08,"31.06℃","24.75%",""
2023/06/23 15:03:08,"31.13℃","25.12%",""
2023/06/23 15:13:08,"31.19℃","24.81%",""
2023/06/23 15:23:08,"31.19℃","24.50%",""
2023/06/23 15:33:08,"31.13℃","24.00%",""
2023/06/23 15:43:08,"31.19℃","24.56%",""
2023/06/23 15:53:08,"31.25℃","24.25%",""
2023/06/23 16:03:08,"31.06℃","23.88%",""
2023/06/23 16:13:08,"31.06℃","23.62%",""
2023/06/23 16:23:08,"31.06℃","23.81%",""
2023/06/23 16:33:08,"31.00℃","23.12%",""
2023/06/23 16:43:08,"31.06℃","23.62%",""
2023/06/23 16:53:08,"31.00℃","22.19%",""
2023/06/23 17:03:08,"30.94℃","22.69%",""
2023/06/23 17:13:08,"31.00℃","22.94%",""
2023/06/23 17:23:08,"30.88℃","22.56%",""
2023/06/23 17:33:08,"30.75℃","22.50%",""
2023/06/23 17:43:08,"30.63℃","22.44%",""
2023/06/23 17:53:08,"30.56℃","22.50%",""
2023/06/23 18:03:08,"30.50℃","22.88%",""
2023/06/23 18:13:08,"30.44℃","22.38%",""
2023/06/23 18:23:08,"30.38℃","22.50%",""
2023/06/23 18:33:08,"30.25℃","22.62%",""
2023/06/23 18:43:08,"30.19℃","22.44%",""
2023/06/23 18:53:08,"30.06℃","22.69%",""
2023/06/23 19:03:08,"29.94℃","22.69%",""
2023/06/23 19:13:08,"29.81℃","22.88%",""
2023/06/23 19:23:08,"29.69℃","22.56%",""
2023/06/23 19:33:08,"29.50℃","22.81%",""
2023/06/23 19:43:08,"29.38℃","23.00%",""
2023/06/23 19:53:08,"29.19℃","22.56%",""
2023/06/23 20:03:08,"29.00℃","22.44%",""
2023/06/23 20:13:08,"28.81℃","22.81%",""
2023/06/23 20:23:08,"28.63℃","22.81%",""
2023/06/23 20:33:08,"28.44℃","22.88%",""
2023/06/23 20:43:08,"28.25℃","22.81%",""
2023/06/23 20:53:08,"28.06℃","23.00%",""
2023/06/23 21:03:08,"27.88℃","23.12%",""
2023/06/23 21:13:08,"27.69℃","23.06%",""
2023/06/23 21:23:08,"27.50℃","23.31%",""
2023/06/23 21:33:08,"27.38℃","23.38%",""
2023/06/23 21:43:08,"27.25℃","23.50%",""
2023/06/23 21:53:08,"27.06℃","23.94%",""
2023/06/23 22:03:08,"26.94℃","23.88%",""
2023/06/23 22:13:08,"26.81℃","23.88%",""
2023/06/23 22:23:08,"26.69℃","23.81%",""
2023/06/23 22:33:08,"26.50℃","24.00%",""
2023/06/23 22:43:08,"26.31℃","24.00%",""
2023/06/23 22:53:08,"26.25℃","23.75%",""
2023/06/23 23:03:08,"26.31℃","23.25%",""
2023/06/23 23:13:08,"26.31℃","23.31%",""
2023/06/23 23:23:08,"26.38℃","23.06%",""
2023/06/23 23:33:08,"26.25℃","23.31%",""
2023/06/23 23:43:08,"26.13℃","23.69%",""
2023/06/23 23:53:08,"25.94℃","24.25%",""
2023/06/24 00:03:08,"25.81℃","24.62%",""
2023/06/24 00:13:08,"25.69℃","24.62%",""
2023/06/24 00:23:08,"25.56℃","24.81%",""
2023/06/24 00:33:08,"25.44℃","25.06%",""
2023/06/24 00:43:08,"25.31℃","25.00%",""
2023/06/24 00:53:08,"25.19℃","25.50%",""
2023/06/24 01:03:08,"25.13℃","25.88%",""
2023/06/24 01:13:08,"25.13℃","25.75%",""
2023/06/24 01:23:08,"25.13℃","25.69%",""
2023/06/24 01:33:08,"25.00℃","25.88%",""
2023/06/24 01:43:08,"25.00℃","25.88%",""
2023/06/24 01:53:08,"24.94℃","26.00%",""
2023/06/24 02:03:08,"24.94℃","25.88%",""
2023/06/24 02:13:08,"24.94℃","25.81%",""
2023/06/24 02:23:08,"24.81℃","25.81%",""
2023/06/24 02:33:08,"24.69℃","26.00%",""
2023/06/24 02:43:08,"24.56℃","26.00%",""
2023/06/24 02:53:08,"24.44℃","26.06%",""
2023/06/24 03:03:08,"24.31℃","26.44%",""
2023/06/24 03:13:08,"24.19℃","26.69%",""
2023/06/24 03:23:08,"24.00℃","26.88%",""
2023/06/24 03:33:08,"23.94℃","27.06%",""
2023/06/24 03:43:08,"23.88℃","27.19%",""
2023/06/24 03:53:08,"23.81℃","27.12%",""
2023/06/24 04:03:08,"23.75℃","27.31%",""
2023/06/24 04:13:08,"23.69℃","27.25%",""
2023/06/24 04:23:08,"23.63℃","27.50%",""
2023/06/24 04:33:08,"23.63℃","27.50%",""
2023/06/24 04:43:08,"23.50℃","27.69%",""
2023/06/24 04:53:08,"23.44℃","28.00%",""
2023/06/24 05:03:08,"23.25℃","28.19%",""
2023/06/24 05:13:08,"23.19℃","28.00%",""
2023/06/24 05:23:08,"23.25℃","27.94%",""
2023/06/24 05:33:08,"23.38℃","27.88%",""
2023/06/24 05:43:08,"23.44℃","27.75%",""
2023/06/24 05:53:08,"23.69℃","27.62%",""
2023/06/24 06:03:08,"25.13℃","26.50%",""
2023/06/24 06:13:08,"26.50℃","25.31%",""
2023/06/24 06:23:08,"28.13℃","23.88%",""
2023/06/24 06:33:08,"29.75℃","22.88%",""
2023/06/24 06:43:08,"31.06℃","21.75%",""
2023/06/24 06:53:08,"31.06℃","21.56%",""
2023/06/24 07:03:08,"31.25℃","21.44%",""
2023/06/24 07:13:08,"32.19℃","20.81%",""
2023/06/24 07:23:08,"33.19℃","19.62%",""
2023/06/24 07:33:08,"33.94℃","19.56%",""
2023/06/24 07:43:08,"34.13℃","19.00%",""
2023/06/24 07:53:08,"35.00℃","18.56%",""
2023/06/24 08:03:08,"36.19℃","17.94%",""
2023/06/24 08:13:08,"36.81℃","17.62%",""
2023/06/24 08:23:08,"37.81℃","17.44%",""
2023/06/24 08:33:08,"38.50℃","16.94%",""
2023/06/24 08:43:08,"38.81℃","16.19%",""
2023/06/24 08:53:08,"38.63℃","16.25%",""
2023/06/24 09:03:08,"38.13℃","17.06%",""
2023/06/24 09:13:08,"37.63℃","16.56%",""
2023/06/24 09:23:08,"37.50℃","17.00%",""
2023/06/24 09:33:08,"36.81℃","16.81%",""
2023/06/24 09:43:08,"35.81℃","17.44%",""
2023/06/24 09:53:08,"36.94℃","17.31%",""
2023/06/24 10:03:08,"36.13℃","17.31%",""
2023/06/24 10:13:08,"36.25℃","17.12%",""
2023/06/24 10:23:08,"37.06℃","17.12%",""
2023/06/24 10:33:08,"35.56℃","17.25%",""
2023/06/24 10:43:08,"35.50℃","17.12%",""
2023/06/24 10:53:08,"35.81℃","16.62%",""
2023/06/24 11:03:08,"35.00℃","17.31%",""
2023/06/24 11:13:08,"34.25℃","17.94%",""
2023/06/24 11:23:08,"34.25℃","17.75%",""
2023/06/24 11:33:08,"34.19℃","17.94%",""
2023/06/24 11:43:08,"34.13℃","18.44%",""
2023/06/24 11:53:08,"34.13℃","17.94%",""
2023/06/24 12:03:08,"33.88℃","19.00%",""
2023/06/24 12:13:08,"33.88℃","17.75%",""
2023/06/24 12:23:08,"33.75℃","17.94%",""
2023/06/24 12:33:08,"32.88℃","17.88%",""
2023/06/24 12:43:08,"32.56℃","18.38%",""
2023/06/24 12:53:08,"32.44℃","18.62%",""
2023/06/24 13:03:08,"32.13℃","19.25%",""
2023/06/24 13:13:08,"32.25℃","18.94%",""
2023/06/24 13:23:08,"32.19℃","18.88%",""
2023/06/24 13:33:08,"31.69℃","19.38%",""
2023/06/24 13:43:08,"31.19℃","19.50%",""
2023/06/24 13:53:08,"31.44℃","20.25%",""
2023/06/24 14:03:08,"31.25℃","20.50%",""
2023/06/24 14:13:08,"31.44℃","20.88%",""
2023/06/24 14:23:08,"31.25℃","20.62%",""
2023/06/24 14:33:08,"31.25℃","20.31%",""
2023/06/24 14:43:08,"31.19℃","20.94%",""
2023/06/24 14:53:08,"31.44℃","22.75%",""
2023/06/24 15:03:08,"31.56℃","23.19%",""
2023/06/24 15:13:08,"31.94℃","23.31%",""
2023/06/24 15:23:08,"31.88℃","23.25%",""
2023/06/24 15:33:08,"31.88℃","23.38%",""
2023/06/24 15:43:08,"31.88℃","23.56%",""
2023/06/24 15:53:08,"31.81℃","23.00%",""
2023/06/24 16:03:08,"31.75℃","23.50%",""
2023/06/24 16:13:08,"31.69℃","23.31%",""
2023/06/24 16:23:08,"31.75℃","24.06%",""
2023/06/24 16:33:08,"31.88℃","24.75%",""
2023/06/24 16:43:08,"31.81℃","24.12%",""
2023/06/24 16:53:08,"31.63℃","24.31%",""
2023/06/24 17:03:08,"31.75℃","25.44%",""
2023/06/24 17:13:08,"31.75℃","24.62%",""
2023/06/24 17:23:08,"31.69℃","25.12%",""
2023/06/24 17:33:08,"31.44℃","24.25%",""
2023/06/24 17:43:08,"31.25℃","24.38%",""
2023/06/24 17:53:08,"31.25℃","25.00%",""
2023/06/24 18:03:08,"31.31℃","25.44%",""
2023/06/24 18:13:08,"31.31℃","25.38%",""
2023/06/24 18:23:08,"31.25℃","26.12%",""
2023/06/24 18:33:08,"31.13℃","26.25%",""
2023/06/24 18:43:08,"30.94℃","27.25%",""
2023/06/24 18:53:08,"30.81℃","27.62%",""
2023/06/24 19:03:08,"30.69℃","27.25%",""
2023/06/24 19:13:08,"30.50℃","27.12%",""
2023/06/24 19:23:08,"30.31℃","27.62%",""
2023/06/24 19:33:08,"30.19℃","27.88%",""
2023/06/24 19:43:08,"30.06℃","28.19%",""
2023/06/24 19:53:08,"29.88℃","28.38%",""
2023/06/24 20:03:08,"29.69℃","29.12%",""
2023/06/24 20:13:08,"29.50℃","29.56%",""
2023/06/24 20:23:08,"29.38℃","30.38%",""
2023/06/24 20:33:08,"29.19℃","31.50%",""
2023/06/24 20:43:08,"29.00℃","31.81%",""
2023/06/24 20:53:08,"28.75℃","32.25%",""
2023/06/24 21:03:08,"28.63℃","32.75%",""
2023/06/24 21:13:08,"28.31℃","33.38%",""
2023/06/24 21:23:08,"28.06℃","33.62%",""
2023/06/24 21:33:08,"27.88℃","34.00%",""
2023/06/24 21:43:08,"27.63℃","34.69%",""
2023/06/24 21:53:08,"27.31℃","34.94%",""
2023/06/24 22:03:08,"27.19℃","35.31%",""
2023/06/24 22:13:08,"27.00℃","35.31%",""
2023/06/24 22:23:08,"26.81℃","36.25%",""
2023/06/24 22:33:08,"26.56℃","36.44%",""
2023/06/24 22:43:08,"26.38℃","37.56%",""
2023/06/24 22:53:08,"26.13℃","38.44%",""
2023/06/24 23:03:08,"25.88℃","39.56%",""
2023/06/24 23:13:08,"25.63℃","40.50%",""
2023/06/24 23:23:08,"25.44℃","42.06%",""
2023/06/24 23:33:08,"25.25℃","42.25%",""
2023/06/24 23:43:08,"25.00℃","43.00%",""
2023/06/24 23:53:08,"24.50℃","44.88%",""
2023/06/25 00:03:08,"24.06℃","46.00%",""
2023/06/25 00:13:08,"23.69℃","46.31%",""
2023/06/25 00:23:08,"23.63℃","47.19%",""
2023/06/25 00:33:08,"23.50℃","47.31%",""
2023/06/25 00:43:08,"23.38℃","48.00%",""
2023/06/25 00:53:08,"23.31℃","47.94%",""
2023/06/25 01:03:08,"23.19℃","48.25%",""
2023/06/25 01:13:08,"23.13℃","48.38%",""
2023/06/25 01:23:08,"23.06℃","48.31%",""
2023/06/25 01:33:08,"23.06℃","48.50%",""
2023/06/25 01:43:08,"23.00℃","48.38%",""
2023/06/25 01:53:08,"23.00℃","48.25%",""
2023/06/25 02:03:08,"22.94℃","48.31%",""
2023/06/25 02:13:08,"22.88℃","48.62%",""
2023/06/25 02:23:08,"22.81℃","48.56%",""
2023/06/25 02:33:08,"22.75℃","49.06%",""
2023/06/25 02:43:08,"22.75℃","49.25%",""
2023/06/25 02:53:08,"22.69℃","49.44%",""
2023/06/25 03:03:08,"22.56℃","49.81%",""
2023/06/25 03:13:08,"22.50℃","50.12%",""
2023/06/25 03:23:08,"22.31℃","50.31%",""
2023/06/25 03:33:08,"22.19℃","51.25%",""
2023/06/25 03:43:08,"22.06℃","51.50%",""
2023/06/25 03:53:08,"22.00℃","51.75%",""
2023/06/25 04:03:08,"21.94℃","52.00%",""
2023/06/25 04:13:08,"21.88℃","52.56%",""
2023/06/25 04:23:08,"21.75℃","52.56%",""
2023/06/25 04:33:08,"21.69℃","52.75%",""
2023/06/25 04:43:08,"21.56℃","53.19%",""
2023/06/25 04:53:08,"21.38℃","53.75%",""
2023/06/25 05:03:08,"21.25℃","54.06%",""
2023/06/25 05:13:08,"21.19℃","54.06%",""
2023/06/25 05:23:08,"21.19℃","54.31%",""
2023/06/25 05:33:08,"21.13℃","54.62%",""
2023/06/25 05:43:08,"21.19℃","54.25%",""
2023/06/25 05:53:08,"21.38℃","53.81%",""
2023/06/25 06:03:08,"22.50℃","51.75%",""
2023/06/25 06:13:08,"23.56℃","49.56%",""
2023/06/25 06:23:08,"24.63℃","47.44%",""
2023/06/25 06:33:08,"25.88℃","45.06%",""
2023/06/25 06:43:08,"26.75℃","43.31%",""
2023/06/25 06:53:08,"28.50℃","40.19%",""
2023/06/25 07:03:08,"29.63℃","38.25%",""
2023/06/25 07:13:08,"30.19℃","36.56%",""
2023/06/25 07:23:08,"30.88℃","35.19%",""
2023/06/25 07:33:08,"31.88℃","34.31%",""
2023/06/25 07:43:08,"32.00℃","33.81%",""
2023/06/25 07:53:08,"32.50℃","32.94%",""
2023/06/25 08:03:08,"33.13℃","32.06%",""
2023/06/25 08:13:08,"33.25℃","31.56%",""
2023/06/25 08:23:08,"32.00℃","33.19%",""
2023/06/25 08:33:08,"31.94℃","32.19%",""
2023/06/25 08:43:08,"32.44℃","31.44%",""
2023/06/25 08:53:08,"33.00℃","31.00%",""
2023/06/25 09:03:08,"32.94℃","30.44%",""
2023/06/25 09:13:08,"33.50℃","30.06%",""
2023/06/25 09:23:08,"34.06℃","29.31%",""
2023/06/25 09:33:08,"34.00℃","29.00%",""
2023/06/25 09:43:08,"34.69℃","28.94%",""
2023/06/25 09:53:08,"34.25℃","28.88%",""
2023/06/25 10:03:08,"32.88℃","29.75%",""
2023/06/25 10:13:08,"32.75℃","30.38%",""
2023/06/25 10:23:08,"32.69℃","29.50%",""
2023/06/25 10:33:08,"33.31℃","29.19%",""
2023/06/25 10:43:08,"32.75℃","29.00%",""
2023/06/25 10:53:08,"32.81℃","29.31%",""
2023/06/25 11:03:08,"33.06℃","28.88%",""
2023/06/25 11:13:08,"33.06℃","28.50%",""
2023/06/25 11:23:08,"32.06℃","29.06%",""
2023/06/25 11:33:08,"31.25℃","30.00%",""
2023/06/25 11:43:08,"31.31℃","30.06%",""
2023/06/25 11:53:08,"30.94℃","29.94%",""
2023/06/25 12:03:08,"30.81℃","29.62%",""
2023/06/25 12:13:08,"30.81℃","30.06%",""
2023/06/25 12:23:08,"30.56℃","30.62%",""
2023/06/25 12:33:08,"30.31℃","31.31%",""
2023/06/25 12:43:08,"30.50℃","30.94%",""
2023/06/25 12:53:08,"30.13℃","31.69%",""
2023/06/25 13:03:08,"29.81℃","31.88%",""
2023/06/25 13:13:08,"29.69℃","32.75%",""
2023/06/25 13:23:08,"29.94℃","32.81%",""
2023/06/25 13:33:08,"30.50℃","32.69%",""
2023/06/25 13:43:08,"30.19℃","32.31%",""
2023/06/25 13:53:08,"29.69℃","32.94%",""
2023/06/25 14:03:08,"29.63℃","33.06%",""
2023/06/25 14:13:08,"30.06℃","33.50%",""
2023/06/25 14:23:08,"30.13℃","33.06%",""
2023/06/25 14:33:08,"30.31℃","32.81%",""
2023/06/25 14:43:08,"30.38℃","32.44%",""
2023/06/25 14:53:08,"30.06℃","32.88%",""
2023/06/25 15:03:08,"29.75℃","33.12%",""
2023/06/25 15:13:08,"29.88℃","33.62%",""
2023/06/25 15:23:08,"30.06℃","33.19%",""
2023/06/25 15:33:08,"29.94℃","33.12%",""
2023/06/25 15:43:08,"29.88℃","32.88%",""
2023/06/25 15:53:08,"30.06℃","33.38%",""
2023/06/25 16:03:08,"30.00℃","33.12%",""
2023/06/25 16:13:08,"30.25℃","33.62%",""
2023/06/25 16:23:08,"30.50℃","33.62%",""
2023/06/25 16:33:08,"30.19℃","33.00%",""
2023/06/25 16:43:08,"30.06℃","32.81%",""
2023/06/25 16:53:08,"30.19℃","33.38%",""
2023/06/25 17:03:08,"30.31℃","33.31%",""
2023/06/25 17:13:08,"30.44℃","34.44%",""
2023/06/25 17:23:08,"30.38℃","33.94%",""
2023/06/25 17:33:08,"30.44℃","34.00%",""
2023/06/25 17:43:08,"30.31℃","33.88%",""
2023/06/25 17:53:08,"30.19℃","34.38%",""
2023/06/25 18:03:08,"30.13℃","33.94%",""
2023/06/25 18:13:08,"30.19℃","34.56%",""
2023/06/25 18:23:08,"30.19℃","34.12%",""
2023/06/25 18:33:08,"29.94℃","34.50%",""
2023/06/25 18:43:08,"30.06℃","34.88%",""
2023/06/25 18:53:08,"30.13℃","34.62%",""
2023/06/25 19:03:08,"30.06℃","35.06%",""
2023/06/25 19:13:08,"30.00℃","34.56%",""
2023/06/25 19:23:08,"29.75℃","34.81%",""
2023/06/25 19:33:08,"29.56℃","35.31%",""
2023/06/25 19:43:08,"29.44℃","36.00%",""
2023/06/25 19:53:08,"29.31℃","38.12%",""
2023/06/25 20:03:08,"29.13℃","39.88%",""
2023/06/25 20:13:08,"29.13℃","39.25%",""
2023/06/25 20:23:08,"29.00℃","39.50%",""
2023/06/25 20:33:08,"28.88℃","40.12%",""
2023/06/25 20:43:08,"28.81℃","40.31%",""
2023/06/25 20:53:08,"28.56℃","40.56%",""
2023/06/25 21:03:08,"28.38℃","41.19%",""
2023/06/25 21:13:08,"28.25℃","41.38%",""
2023/06/25 21:23:08,"28.06℃","42.38%",""
2023/06/25 21:33:08,"27.94℃","43.25%",""
2023/06/25 21:43:08,"27.88℃","43.00%",""
2023/06/25 21:53:08,"27.69℃","42.88%",""
2023/06/25 22:03:08,"27.56℃","45.44%",""
2023/06/25 22:13:08,"27.69℃","44.75%",""
2023/06/25 22:23:08,"27.38℃","44.31%",""
2023/06/25 22:33:08,"27.13℃","45.06%",""
2023/06/25 22:43:08,"26.94℃","46.06%",""
2023/06/25 22:53:08,"26.81℃","46.75%",""
2023/06/25 23:03:08,"26.69℃","47.50%",""
2023/06/25 23:13:08,"26.56℃","47.88%",""
2023/06/25 23:23:08,"26.25℃","49.38%",""
2023/06/25 23:33:08,"26.06℃","49.94%",""
2023/06/25 23:43:08,"25.75℃","50.81%",""
2023/06/25 23:53:08,"25.63℃","50.62%",""
2023/06/26 00:03:08,"25.75℃","50.88%",""
2023/06/26 00:13:08,"25.75℃","51.38%",""
2023/06/26 00:23:08,"25.63℃","51.62%",""
2023/06/26 00:33:08,"25.56℃","52.00%",""
2023/06/26 00:43:08,"25.31℃","52.69%",""
2023/06/26 00:53:08,"25.13℃","53.75%",""
2023/06/26 01:03:08,"24.75℃","54.81%",""
2023/06/26 01:13:08,"24.69℃","55.56%",""
2023/06/26 01:23:08,"24.38℃","56.12%",""
2023/06/26 01:33:08,"24.38℃","56.31%",""
2023/06/26 01:43:08,"24.25℃","56.75%",""
2023/06/26 01:53:08,"23.94℃","57.75%",""
2023/06/26 02:03:08,"23.50℃","58.44%",""
2023/06/26 02:13:08,"23.56℃","58.38%",""
2023/06/26 02:23:08,"23.56℃","57.88%",""
2023/06/26 02:33:08,"23.50℃","57.62%",""
2023/06/26 02:43:08,"23.38℃","58.12%",""
2023/06/26 02:53:08,"23.13℃","57.75%",""
2023/06/26 03:03:08,"22.94℃","57.94%",""
2023/06/26 03:13:08,"22.94℃","57.81%",""
2023/06/26 03:23:08,"23.06℃","57.56%",""
2023/06/26 03:33:08,"22.94℃","57.62%",""
2023/06/26 03:43:08,"22.63℃","58.19%",""
2023/06/26 03:53:08,"22.44℃","58.81%",""
2023/06/26 04:03:08,"22.31℃","59.00%",""
2023/06/26 04:13:08,"22.25℃","59.38%",""
2023/06/26 04:23:08,"22.50℃","59.19%",""
2023/06/26 04:33:08,"22.50℃","59.31%",""
2023/06/26 04:43:08,"22.56℃","59.31%",""
2023/06/26 04:53:08,"22.44℃","59.56%",""
2023/06/26 05:03:08,"22.44℃","59.75%",""
2023/06/26 05:13:08,"22.44℃","59.88%",""
2023/06/26 05:23:08,"22.31℃","59.81%",""
2023/06/26 05:33:08,"22.25℃","59.94%",""
2023/06/26 05:43:08,"22.31℃","59.88%",""
2023/06/26 05:53:08,"22.25℃","60.12%",""
2023/06/26 06:03:08,"23.38℃","58.31%",""
2023/06/26 06:13:08,"24.50℃","55.75%",""
2023/06/26 06:23:08,"26.13℃","52.38%",""
2023/06/26 06:33:08,"27.00℃","50.31%",""
2023/06/26 06:43:08,"28.06℃","48.25%",""
2023/06/26 06:53:08,"29.44℃","45.62%",""
2023/06/26 07:03:08,"29.75℃","44.62%",""
2023/06/26 07:13:08,"30.00℃","43.31%",""
2023/06/26 07:23:08,"30.44℃","42.88%",""
2023/06/26 07:33:08,"30.81℃","42.06%",""
2023/06/26 07:43:08,"31.25℃","41.56%",""
2023/06/26 07:53:08,"32.19℃","40.12%",""
2023/06/26 08:03:08,"32.19℃","39.25%",""
2023/06/26 08:13:08,"32.38℃","38.81%",""
2023/06/26 08:23:08,"33.94℃","36.44%",""
2023/06/26 08:33:08,"34.38℃","35.88%",""
2023/06/26 08:43:08,"34.94℃","34.25%",""
2023/06/26 08:53:08,"36.00℃","32.88%",""
2023/06/26 09:03:08,"35.75℃","31.88%",""
2023/06/26 09:13:08,"35.81℃","30.88%",""
2023/06/26 09:23:08,"36.94℃","30.31%",""
2023/06/26 09:33:08,"36.63℃","28.50%",""
2023/06/26 09:43:08,"36.56℃","28.88%",""
2023/06/26 09:53:08,"37.00℃","28.75%",""
2023/06/26 10:03:08,"37.56℃","28.44%",""
2023/06/26 10:13:08,"38.06℃","28.00%",""
2023/06/26 10:23:08,"38.56℃","27.06%",""
2023/06/26 10:33:08,"37.88℃","27.81%",""
2023/06/26 10:43:08,"37.38℃","28.19%",""
2023/06/26 10:53:08,"37.19℃","28.19%",""
2023/06/26 11:03:08,"36.38℃","29.06%",""
2023/06/26 11:13:08,"36.25℃","29.69%",""
2023/06/26 11:23:08,"35.56℃","29.81%",""
2023/06/26 11:33:08,"34.75℃","31.38%",""
2023/06/26 11:43:08,"35.13℃","31.94%",""
2023/06/26 11:53:08,"34.69℃","31.69%",""
2023/06/26 12:03:08,"34.38℃","31.81%",""
2023/06/26 12:13:08,"34.44℃","32.25%",""
2023/06/26 12:23:08,"34.00℃","33.38%",""
2023/06/26 12:33:08,"33.88℃","33.31%",""
2023/06/26 12:43:08,"33.75℃","34.31%",""
2023/06/26 12:53:08,"33.56℃","34.12%",""
2023/06/26 13:03:08,"33.19℃","35.94%",""
2023/06/26 13:13:08,"33.00℃","35.75%",""
2023/06/26 13:23:08,"32.81℃","36.56%",""
2023/06/26 13:33:08,"32.63℃","35.50%",""
2023/06/26 13:43:08,"32.75℃","36.38%",""
2023/06/26 13:53:08,"32.56℃","36.94%",""
2023/06/26 14:03:08,"32.50℃","37.19%",""
2023/06/26 14:13:08,"32.50℃","37.50%",""
2023/06/26 14:23:08,"32.75℃","37.31%",""
2023/06/26 14:33:08,"32.56℃","38.00%",""
2023/06/26 14:43:08,"32.63℃","37.44%",""
2023/06/26 14:53:08,"32.44℃","37.81%",""
2023/06/26 15:03:08,"32.50℃","38.25%",""
2023/06/26 15:13:08,"32.50℃","37.75%",""
2023/06/26 15:23:08,"32.50℃","37.31%",""
2023/06/26 15:33:08,"32.44℃","37.62%",""
2023/06/26 15:43:08,"32.44℃","38.25%",""
2023/06/26 15:53:08,"32.19℃","37.88%",""
2023/06/26 16:03:08,"32.13℃","38.44%",""
2023/06/26 16:13:08,"32.06℃","38.31%",""
2023/06/26 16:23:08,"32.06℃","38.94%",""
2023/06/26 16:33:08,"32.06℃","39.38%",""
2023/06/26 16:43:08,"31.94℃","39.62%",""
2023/06/26 16:53:08,"32.00℃","39.88%",""
2023/06/26 17:03:08,"32.00℃","39.94%",""
2023/06/26 17:13:08,"32.06℃","39.88%",""
2023/06/26 17:23:08,"32.00℃","40.19%",""
2023/06/26 17:33:08,"32.06℃","40.31%",""
2023/06/26 17:43:08,"31.88℃","40.31%",""
2023/06/26 17:53:08,"32.38℃","36.94%",""
2023/06/26 18:03:08,"32.38℃","37.31%",""
2023/06/26 18:13:08,"32.44℃","36.69%",""
2023/06/26 18:23:08,"32.19℃","36.06%",""
2023/06/26 18:33:08,"32.00℃","34.50%",""
2023/06/26 18:43:08,"32.25℃","32.62%",""
2023/06/26 18:53:08,"32.38℃","32.06%",""
2023/06/26 19:03:08,"32.19℃","32.56%",""
2023/06/26 19:13:08,"32.19℃","32.38%",""
2023/06/26 19:23:08,"32.44℃","32.69%",""
2023/06/26 19:33:08,"33.00℃","31.25%",""
2023/06/26 19:43:08,"33.13℃","32.25%",""
2023/06/26 19:53:08,"33.13℃","32.44%",""
2023/06/26 20:03:08,"33.13℃","32.38%",""
2023/06/26 20:13:08,"33.06℃","31.69%",""
2023/06/26 20:23:08,"32.88℃","32.75%",""
2023/06/26 20:33:08,"32.44℃","33.44%",""
2023/06/26 20:43:08,"32.06℃","34.88%",""
2023/06/26 20:53:08,"31.69℃","35.19%",""
2023/06/26 21:03:08,"31.50℃","35.69%",""
2023/06/26 21:13:08,"31.13℃","35.44%",""
2023/06/26 21:23:08,"31.06℃","34.69%",""
2023/06/26 21:33:08,"30.75℃","36.69%",""
2023/06/26 21:43:08,"30.56℃","36.75%",""
2023/06/26 21:53:08,"30.31℃","37.31%",""
2023/06/26 22:03:08,"30.00℃","38.69%",""
2023/06/26 22:13:08,"29.81℃","39.75%",""
2023/06/26 22:23:08,"29.56℃","40.88%",""
2023/06/26 22:33:08,"29.19℃","42.44%",""
2023/06/26 22:43:08,"28.50℃","43.56%",""
2023/06/26 22:53:08,"28.25℃","44.56%",""
2023/06/26 23:03:08,"28.19℃","45.38%",""
2023/06/26 23:13:08,"28.25℃","45.56%",""
2023/06/26 23:23:08,"28.19℃","46.25%",""
2023/06/26 23:33:08,"27.44℃","47.69%",""
2023/06/26 23:43:08,"27.06℃","48.62%",""
2023/06/26 23:53:08,"26.94℃","49.38%",""
2023/06/27 00:03:08,"26.81℃","49.94%",""
2023/06/27 00:13:08,"26.69℃","50.44%",""
2023/06/27 00:23:08,"26.56℃","50.94%",""
2023/06/27 00:33:08,"26.38℃","51.81%",""
2023/06/27 00:43:08,"26.25℃","52.44%",""
2023/06/27 00:53:08,"26.19℃","52.94%",""
2023/06/27 01:03:08,"26.31℃","53.38%",""
2023/06/27 01:13:08,"26.31℃","53.19%",""
2023/06/27 01:23:08,"26.06℃","54.38%",""
2023/06/27 01:33:08,"26.25℃","54.19%",""
2023/06/27 01:43:08,"26.06℃","54.06%",""
2023/06/27 01:53:08,"25.88℃","55.12%",""
2023/06/27 02:03:08,"25.81℃","55.50%",""
2023/06/27 02:13:08,"25.50℃","55.94%",""
2023/06/27 02:23:08,"25.31℃","56.69%",""
2023/06/27 02:33:08,"25.44℃","56.81%",""
2023/06/27 02:43:08,"25.00℃","57.81%",""
2023/06/27 02:53:08,"24.81℃","58.44%",""
2023/06/27 03:03:08,"24.69℃","58.75%",""
2023/06/27 03:13:08,"24.63℃","58.94%",""
2023/06/27 03:23:08,"24.63℃","59.00%",""
2023/06/27 03:33:08,"24.63℃","58.88%",""
2023/06/27 03:43:08,"24.69℃","59.25%",""
2023/06/27 03:53:08,"24.69℃","59.12%",""
2023/06/27 04:03:08,"24.75℃","58.94%",""
2023/06/27 04:13:08,"24.69℃","59.06%",""
2023/06/27 04:23:08,"25.69℃","57.31%",""
2023/06/27 04:33:08,"26.06℃","56.62%",""
2023/06/27 04:43:08,"26.13℃","56.00%",""
2023/06/27 04:53:08,"26.19℃","56.12%",""
2023/06/27 05:03:08,"25.88℃","56.44%",""
2023/06/27 05:13:08,"25.50℃","57.19%",""
2023/06/27 05:23:08,"25.44℃","57.75%",""
2023/06/27 05:33:08,"25.38℃","57.75%",""
2023/06/27 05:43:08,"25.25℃","58.12%",""
2023/06/27 05:53:08,"25.19℃","58.38%",""
2023/06/27 06:03:08,"25.69℃","57.25%",""
2023/06/27 06:13:08,"26.25℃","56.12%",""
2023/06/27 06:23:08,"26.06℃","56.25%",""
2023/06/27 06:33:08,"26.50℃","55.62%",""
2023/06/27 06:43:08,"26.94℃","54.94%",""
2023/06/27 06:53:08,"27.56℃","53.75%",""
2023/06/27 07:03:08,"28.13℃","52.19%",""
2023/06/27 07:13:08,"28.19℃","52.00%",""
2023/06/27 07:23:08,"28.88℃","51.25%",""
2023/06/27 07:33:08,"29.50℃","49.56%",""
2023/06/27 07:43:08,"29.13℃","49.94%",""
2023/06/27 07:53:08,"29.13℃","50.12%",""
2023/06/27 08:03:08,"29.56℃","49.06%",""
2023/06/27 08:13:08,"29.25℃","49.62%",""
2023/06/27 08:23:08,"29.31℃","49.88%",""
2023/06/27 08:33:08,"29.19℃","52.00%",""
2023/06/27 08:43:08,"29.50℃","49.94%",""
2023/06/27 08:53:08,"30.13℃","48.56%",""
2023/06/27 09:03:08,"31.19℃","46.38%",""
2023/06/27 09:13:08,"31.63℃","44.69%",""
2023/06/27 09:23:08,"31.44℃","45.44%",""
2023/06/27 09:33:08,"32.00℃","43.81%",""
2023/06/27 09:43:08,"31.13℃","44.62%",""
2023/06/27 09:53:08,"31.13℃","45.00%",""
2023/06/27 10:03:08,"32.31℃","41.75%",""
2023/06/27 10:13:08,"33.06℃","40.62%",""
2023/06/27 10:23:08,"32.63℃","40.62%",""
2023/06/27 10:33:08,"33.13℃","40.56%",""
2023/06/27 10:43:08,"33.38℃","38.56%",""
2023/06/27 10:53:08,"33.31℃","38.19%",""
2023/06/27 11:03:08,"32.38℃","39.31%",""
2023/06/27 11:13:08,"32.38℃","39.44%",""
2023/06/27 11:23:08,"32.63℃","39.88%",""
2023/06/27 11:33:08,"32.88℃","38.00%",""
2023/06/27 11:43:08,"32.88℃","39.56%",""
2023/06/27 11:53:08,"33.13℃","38.62%",""
2023/06/27 12:03:08,"33.19℃","37.88%",""
2023/06/27 12:13:08,"33.38℃","38.12%",""
2023/06/27 12:23:08,"33.44℃","37.69%",""
2023/06/27 12:33:08,"33.19℃","37.62%",""
2023/06/27 12:43:08,"32.69℃","38.38%",""
2023/06/27 12:53:08,"32.50℃","38.50%",""
2023/06/27 13:03:08,"33.06℃","38.50%",""
2023/06/27 13:13:08,"33.13℃","38.25%",""
2023/06/27 13:23:08,"33.38℃","38.00%",""
2023/06/27 13:33:08,"33.13℃","38.75%",""
2023/06/27 13:43:08,"33.38℃","37.94%",""
2023/06/27 13:53:08,"33.75℃","37.44%",""
2023/06/27 14:03:08,"34.63℃","36.62%",""
2023/06/27 14:13:08,"34.75℃","35.38%",""
2023/06/27 14:23:08,"34.88℃","35.38%",""
2023/06/27 14:33:08,"34.75℃","35.56%",""
2023/06/27 14:43:08,"34.56℃","35.06%",""
2023/06/27 14:53:08,"34.50℃","35.50%",""
2023/06/27 15:03:08,"34.44℃","35.06%",""
2023/06/27 15:13:08,"33.81℃","35.75%",""
2023/06/27 15:23:08,"33.75℃","35.75%",""
2023/06/27 15:33:08,"33.56℃","36.12%",""
2023/06/27 15:43:08,"33.75℃","35.62%",""
2023/06/27 15:53:08,"33.81℃","36.12%",""
2023/06/27 16:03:08,"33.94℃","34.81%",""
2023/06/27 16:13:08,"33.81℃","35.12%",""
2023/06/27 16:23:08,"33.69℃","35.69%",""
2023/06/27 16:33:08,"33.63℃","35.81%",""
2023/06/27 16:43:08,"33.56℃","36.00%",""
2023/06/27 16:53:08,"33.63℃","35.69%",""
2023/06/27 17:03:08,"33.69℃","35.88%",""
2023/06/27 17:13:08,"33.69℃","36.62%",""
2023/06/27 17:23:08,"33.69℃","36.62%",""
2023/06/27 17:33:08,"34.06℃","36.50%",""
2023/06/27 17:43:08,"34.25℃","35.94%",""
2023/06/27 17:53:08,"34.31℃","35.44%",""
2023/06/27 18:03:08,"34.19℃","35.62%",""
2023/06/27 18:13:08,"34.00℃","36.00%",""
2023/06/27 18:23:08,"33.81℃","36.69%",""
2023/06/27 18:33:08,"33.75℃","37.19%",""
2023/06/27 18:43:08,"33.63℃","36.88%",""
2023/06/27 18:53:08,"33.50℃","36.69%",""
2023/06/27 19:03:08,"32.75℃","37.56%",""
2023/06/27 19:13:08,"32.50℃","37.56%",""
2023/06/27 19:23:08,"32.44℃","38.31%",""
2023/06/27 19:33:08,"32.38℃","38.56%",""
2023/06/27 19:43:08,"32.19℃","38.75%",""
2023/06/27 19:53:08,"32.06℃","39.62%",""
2023/06/27 20:03:08,"31.88℃","40.19%",""
