Date,Temp,Umidità,Remark
2023/06/11 19:09:28,"29.63℃","48.25%",""
2023/06/11 19:19:28,"30.50℃","46.81%",""
2023/06/11 19:29:28,"29.94℃","47.50%",""
2023/06/11 19:39:28,"29.75℃","47.88%",""
2023/06/11 19:49:28,"29.44℃","48.25%",""
2023/06/11 19:59:28,"29.38℃","48.25%",""
2023/06/11 20:09:28,"29.19℃","48.94%",""
2023/06/11 20:19:28,"28.94℃","48.81%",""
2023/06/11 20:29:28,"28.63℃","48.88%",""
2023/06/11 20:39:28,"28.31℃","49.19%",""
2023/06/11 20:49:28,"27.88℃","49.31%",""
2023/06/11 20:59:28,"27.50℃","49.44%",""
2023/06/11 21:09:28,"26.75℃","52.56%",""
2023/06/11 21:19:28,"25.75℃","57.06%",""
2023/06/11 21:29:28,"24.00℃","62.69%",""
2023/06/11 21:39:28,"23.06℃","64.31%",""
2023/06/11 21:49:28,"22.19℃","66.31%",""
2023/06/11 21:59:28,"22.00℃","66.69%",""
2023/06/11 22:09:28,"21.75℃","67.94%",""
2023/06/11 22:19:28,"21.50℃","68.69%",""
2023/06/11 22:29:28,"20.75℃","70.56%",""
2023/06/11 22:39:28,"20.06℃","72.81%",""
2023/06/11 22:49:28,"19.81℃","74.50%",""
2023/06/11 22:59:28,"19.75℃","75.69%",""
2023/06/11 23:09:28,"19.50℃","76.88%",""
2023/06/11 23:19:28,"19.44℃","78.00%",""
2023/06/11 23:29:28,"19.44℃","78.00%",""
2023/06/11 23:39:28,"19.38℃","77.94%",""
2023/06/11 23:49:28,"19.25℃","77.94%",""
2023/06/11 23:59:28,"19.25℃","77.75%",""
2023/06/12 00:09:28,"19.13℃","77.81%",""
2023/06/12 00:19:28,"19.00℃","77.81%",""
2023/06/12 00:29:28,"19.00℃","77.88%",""
2023/06/12 00:39:28,"18.94℃","77.75%",""
2023/06/12 00:49:28,"19.06℃","79.81%",""
2023/06/12 00:59:28,"19.25℃","78.12%",""
2023/06/12 01:09:28,"19.44℃","78.50%",""
2023/06/12 01:19:28,"19.63℃","78.62%",""
2023/06/12 01:29:28,"19.75℃","78.19%",""
2023/06/12 01:39:28,"19.69℃","77.62%",""
2023/06/12 01:49:28,"19.69℃","76.88%",""
2023/06/12 01:59:28,"19.63℃","76.81%",""
2023/06/12 02:09:28,"19.56℃","76.81%",""
2023/06/12 02:19:28,"19.56℃","76.88%",""
2023/06/12 02:29:28,"19.44℃","77.50%",""
2023/06/12 02:39:28,"19.19℃","78.25%",""
2023/06/12 02:49:28,"19.00℃","78.69%",""
2023/06/12 02:59:28,"18.94℃","78.69%",""
2023/06/12 03:09:28,"18.81℃","79.12%",""
2023/06/12 03:19:28,"18.69℃","79.62%",""
2023/06/12 03:29:28,"18.50℃","79.31%",""
2023/06/12 03:39:28,"18.56℃","78.94%",""
2023/06/12 03:49:28,"18.50℃","79.06%",""
2023/06/12 03:59:28,"18.56℃","78.62%",""
2023/06/12 04:09:28,"18.50℃","78.50%",""
2023/06/12 04:19:28,"18.44℃","78.50%",""
2023/06/12 04:29:28,"18.50℃","78.62%",""
2023/06/12 04:39:28,"18.44℃","78.88%",""
2023/06/12 04:49:28,"18.38℃","79.81%",""
2023/06/12 04:59:28,"18.38℃","79.75%",""
2023/06/12 05:09:28,"18.31℃","80.25%",""
2023/06/12 05:19:28,"18.50℃","80.88%",""
2023/06/12 05:29:28,"18.50℃","80.06%",""
2023/06/12 05:39:28,"18.44℃","80.00%",""
2023/06/12 05:49:28,"18.56℃","80.50%",""
2023/06/12 05:59:28,"18.69℃","79.81%",""
2023/06/12 06:09:28,"18.69℃","79.69%",""
2023/06/12 06:19:28,"18.75℃","79.69%",""
2023/06/12 06:29:28,"18.94℃","79.06%",""
2023/06/12 06:39:28,"19.06℃","79.31%",""
2023/06/12 06:49:28,"19.25℃","78.88%",""
2023/06/12 06:59:28,"19.44℃","78.25%",""
2023/06/12 07:09:28,"19.94℃","77.19%",""
2023/06/12 07:19:28,"20.56℃","75.81%",""
2023/06/12 07:29:28,"20.56℃","74.94%",""
2023/06/12 07:39:28,"20.38℃","75.75%",""
2023/06/12 07:49:28,"20.50℃","75.75%",""
2023/06/12 07:59:28,"21.25℃","74.75%",""
2023/06/12 08:09:28,"22.94℃","70.56%",""
2023/06/12 08:19:28,"23.81℃","67.44%",""
2023/06/12 08:29:28,"24.56℃","66.25%",""
2023/06/12 08:39:28,"23.69℃","65.12%",""
2023/06/12 08:49:28,"22.81℃","66.12%",""
2023/06/12 08:59:28,"22.44℃","67.12%",""
2023/06/12 09:09:28,"22.13℃","66.62%",""
2023/06/12 09:19:28,"22.06℃","66.00%",""
2023/06/12 09:29:28,"22.00℃","65.69%",""
2023/06/12 09:39:28,"22.13℃","65.88%",""
2023/06/12 09:49:28,"22.25℃","66.06%",""
2023/06/12 09:59:28,"22.31℃","65.38%",""
2023/06/12 10:09:28,"22.44℃","64.88%",""
2023/06/12 10:19:28,"22.50℃","64.56%",""
2023/06/12 10:29:28,"22.56℃","64.56%",""
2023/06/12 10:39:28,"22.75℃","63.50%",""
2023/06/12 10:49:28,"22.88℃","62.12%",""
2023/06/12 10:59:28,"23.06℃","62.19%",""
2023/06/12 11:09:28,"23.25℃","62.00%",""
2023/06/12 11:19:28,"23.44℃","61.69%",""
2023/06/12 11:29:28,"23.56℃","60.81%",""
2023/06/12 11:39:28,"23.63℃","60.06%",""
2023/06/12 11:49:28,"23.75℃","59.69%",""
2023/06/12 11:59:28,"23.81℃","59.06%",""
2023/06/12 12:09:28,"24.00℃","58.69%",""
2023/06/12 12:19:28,"24.13℃","58.62%",""
2023/06/12 12:29:28,"24.44℃","59.44%",""
2023/06/12 12:39:28,"24.50℃","58.56%",""
2023/06/12 12:49:28,"24.63℃","57.38%",""
2023/06/12 12:59:28,"24.56℃","57.56%",""
2023/06/12 13:09:28,"24.56℃","57.19%",""
2023/06/12 13:19:28,"24.88℃","58.00%",""
2023/06/12 13:29:28,"25.06℃","57.44%",""
2023/06/12 13:39:28,"25.13℃","57.25%",""
2023/06/12 13:49:28,"25.44℃","56.75%",""
2023/06/12 13:59:28,"25.63℃","56.12%",""
2023/06/12 14:09:28,"25.88℃","55.06%",""
2023/06/12 14:19:28,"26.13℃","54.69%",""
2023/06/12 14:29:28,"26.31℃","54.00%",""
2023/06/12 14:39:28,"26.38℃","53.62%",""
2023/06/12 14:49:28,"26.69℃","53.88%",""
2023/06/12 14:59:28,"26.94℃","52.88%",""
2023/06/12 15:09:28,"27.19℃","52.25%",""
2023/06/12 15:19:28,"27.25℃","50.69%",""
2023/06/12 15:29:28,"27.38℃","51.50%",""
2023/06/12 15:39:28,"27.44℃","51.12%",""
2023/06/12 15:49:28,"27.63℃","51.00%",""
2023/06/12 15:59:28,"27.81℃","50.44%",""
2023/06/12 16:09:28,"27.94℃","50.19%",""
2023/06/12 16:19:28,"27.81℃","49.50%",""
2023/06/12 16:29:28,"27.75℃","49.81%",""
2023/06/12 16:39:28,"27.81℃","49.81%",""
2023/06/12 16:49:28,"28.13℃","49.81%",""
2023/06/12 16:59:28,"28.38℃","49.25%",""
2023/06/12 17:09:28,"28.44℃","49.56%",""
2023/06/12 17:19:28,"28.38℃","50.06%",""
2023/06/12 17:29:28,"28.31℃","50.12%",""
2023/06/12 17:39:28,"28.50℃","50.19%",""
2023/06/12 17:49:28,"28.69℃","49.81%",""
2023/06/12 17:59:28,"28.69℃","50.06%",""
2023/06/12 18:09:28,"28.69℃","49.81%",""
2023/06/12 18:19:28,"28.75℃","50.25%",""
2023/06/12 18:29:28,"28.75℃","50.19%",""
2023/06/12 18:39:28,"28.69℃","50.31%",""
2023/06/12 18:49:28,"28.94℃","50.31%",""
2023/06/12 18:59:28,"29.13℃","50.44%",""
2023/06/12 19:09:28,"30.00℃","49.38%",""
2023/06/12 19:19:28,"30.63℃","47.75%",""
2023/06/12 19:29:28,"29.31℃","49.06%",""
2023/06/12 19:39:28,"28.56℃","50.31%",""
2023/06/12 19:49:28,"28.13℃","51.25%",""
2023/06/12 19:59:28,"27.75℃","52.38%",""
2023/06/12 20:09:28,"27.50℃","52.75%",""
2023/06/12 20:19:28,"27.31℃","52.88%",""
2023/06/12 20:29:28,"27.13℃","53.44%",""
2023/06/12 20:39:28,"26.88℃","53.81%",""
2023/06/12 20:49:28,"26.63℃","54.50%",""
2023/06/12 20:59:28,"25.38℃","60.75%",""
2023/06/12 21:09:28,"25.06℃","62.00%",""
2023/06/12 21:19:28,"24.81℃","62.94%",""
2023/06/12 21:29:28,"24.69℃","63.94%",""
2023/06/12 21:39:28,"24.44℃","65.06%",""
2023/06/12 21:49:28,"23.25℃","67.12%",""
2023/06/12 21:59:28,"22.63℃","66.88%",""
2023/06/12 22:09:28,"22.44℃","66.69%",""
2023/06/12 22:19:28,"22.19℃","66.69%",""
2023/06/12 22:29:28,"21.88℃","67.12%",""
2023/06/12 22:39:28,"21.75℃","67.38%",""
2023/06/12 22:49:28,"21.63℃","67.56%",""
2023/06/12 22:59:28,"21.50℃","66.88%",""
2023/06/12 23:09:28,"21.31℃","67.12%",""
2023/06/12 23:19:28,"21.25℃","67.56%",""
2023/06/12 23:29:28,"21.19℃","68.00%",""
2023/06/12 23:39:28,"21.06℃","67.94%",""
2023/06/12 23:49:28,"21.00℃","67.69%",""
2023/06/12 23:59:28,"20.81℃","67.94%",""
2023/06/13 00:09:28,"20.69℃","68.44%",""
2023/06/13 00:19:28,"20.56℃","68.50%",""
2023/06/13 00:29:28,"20.50℃","69.06%",""
2023/06/13 00:39:28,"20.56℃","69.31%",""
2023/06/13 00:49:28,"20.63℃","69.44%",""
2023/06/13 00:59:28,"20.56℃","69.56%",""
2023/06/13 01:09:28,"20.44℃","70.25%",""
2023/06/13 01:19:28,"20.25℃","71.19%",""
2023/06/13 01:29:28,"20.19℃","71.44%",""
2023/06/13 01:39:28,"20.19℃","71.69%",""
2023/06/13 01:49:28,"20.13℃","71.56%",""
2023/06/13 01:59:28,"19.88℃","72.25%",""
2023/06/13 02:09:28,"19.75℃","72.31%",""
2023/06/13 02:19:28,"19.69℃","72.88%",""
2023/06/13 02:29:28,"19.63℃","73.50%",""
2023/06/13 02:39:28,"19.63℃","74.06%",""
2023/06/13 02:49:28,"19.75℃","74.19%",""
2023/06/13 02:59:28,"19.75℃","74.19%",""
2023/06/13 03:09:28,"19.63℃","75.00%",""
2023/06/13 03:19:28,"19.56℃","75.44%",""
2023/06/13 03:29:28,"19.81℃","75.00%",""
2023/06/13 03:39:28,"19.88℃","75.12%",""
2023/06/13 03:49:28,"19.81℃","74.62%",""
2023/06/13 03:59:28,"19.63℃","75.19%",""
2023/06/13 04:09:28,"19.63℃","75.19%",""
2023/06/13 04:19:28,"19.56℃","75.25%",""
2023/06/13 04:29:28,"19.63℃","74.62%",""
2023/06/13 04:39:28,"19.56℃","74.44%",""
2023/06/13 04:49:28,"19.38℃","74.25%",""
2023/06/13 04:59:28,"19.31℃","74.44%",""
2023/06/13 05:09:28,"19.25℃","74.06%",""
2023/06/13 05:19:28,"19.31℃","74.06%",""
2023/06/13 05:29:28,"19.19℃","74.50%",""
2023/06/13 05:39:28,"19.19℃","74.94%",""
2023/06/13 05:49:28,"19.31℃","74.31%",""
2023/06/13 05:59:28,"19.56℃","73.06%",""
2023/06/13 06:09:28,"19.44℃","73.69%",""
2023/06/13 06:19:28,"19.31℃","74.50%",""
2023/06/13 06:29:28,"19.13℃","75.25%",""
2023/06/13 06:39:28,"19.06℃","75.00%",""
2023/06/13 06:49:28,"18.94℃","74.31%",""
2023/06/13 06:59:28,"18.81℃","74.00%",""
2023/06/13 07:09:28,"18.69℃","73.81%",""
2023/06/13 07:19:28,"18.56℃","74.19%",""
2023/06/13 07:29:28,"18.50℃","74.81%",""
2023/06/13 07:39:28,"18.44℃","74.94%",""
2023/06/13 07:49:28,"18.38℃","74.75%",""
2023/06/13 07:59:28,"18.31℃","74.88%",""
2023/06/13 08:09:28,"18.44℃","74.50%",""
2023/06/13 08:19:28,"18.56℃","74.19%",""
2023/06/13 08:29:28,"18.69℃","73.56%",""
2023/06/13 08:39:28,"18.75℃","73.25%",""
2023/06/13 08:49:28,"18.75℃","73.38%",""
2023/06/13 08:59:28,"18.69℃","73.88%",""
2023/06/13 09:09:28,"18.69℃","74.44%",""
2023/06/13 09:19:28,"18.50℃","75.12%",""
2023/06/13 09:29:28,"18.38℃","76.31%",""
2023/06/13 09:39:28,"18.38℃","77.19%",""
2023/06/13 09:49:28,"18.19℃","78.31%",""
2023/06/13 09:59:28,"18.19℃","78.81%",""
2023/06/13 10:09:28,"18.13℃","79.56%",""
2023/06/13 10:19:28,"18.06℃","79.75%",""
2023/06/13 10:29:28,"18.13℃","80.25%",""
2023/06/13 10:39:28,"18.13℃","80.56%",""
2023/06/13 10:49:28,"18.13℃","80.81%",""
2023/06/13 10:59:28,"18.19℃","80.12%",""
2023/06/13 11:09:28,"18.19℃","79.69%",""
2023/06/13 11:19:28,"18.25℃","79.19%",""
2023/06/13 11:29:28,"18.31℃","78.75%",""
2023/06/13 11:39:28,"18.38℃","78.94%",""
2023/06/13 11:49:28,"18.44℃","78.25%",""
2023/06/13 11:59:28,"18.63℃","78.19%",""
2023/06/13 12:09:28,"18.81℃","77.50%",""
2023/06/13 12:19:28,"19.13℃","77.44%",""
2023/06/13 12:29:28,"19.50℃","76.50%",""
2023/06/13 12:39:28,"19.75℃","74.88%",""
2023/06/13 12:49:28,"19.94℃","74.81%",""
2023/06/13 12:59:28,"20.25℃","73.25%",""
2023/06/13 13:09:28,"20.63℃","71.75%",""
2023/06/13 13:19:28,"20.94℃","70.94%",""
2023/06/13 13:29:28,"21.19℃","70.00%",""
2023/06/13 13:39:28,"21.44℃","69.06%",""
2023/06/13 13:49:28,"21.63℃","68.25%",""
2023/06/13 13:59:28,"21.94℃","67.62%",""
2023/06/13 14:09:28,"22.25℃","66.12%",""
2023/06/13 14:19:28,"22.38℃","65.94%",""
2023/06/13 14:29:28,"22.25℃","64.94%",""
2023/06/13 14:39:28,"22.38℃","64.75%",""
2023/06/13 14:49:28,"22.75℃","64.69%",""
2023/06/13 14:59:28,"23.00℃","63.56%",""
2023/06/13 15:09:28,"23.31℃","63.00%",""
2023/06/13 15:19:28,"23.50℃","62.56%",""
2023/06/13 15:29:28,"23.31℃","62.19%",""
2023/06/13 15:39:28,"23.44℃","61.81%",""
2023/06/13 15:49:28,"23.38℃","61.00%",""
2023/06/13 15:59:28,"23.44℃","64.19%",""
2023/06/13 16:09:28,"23.63℃","64.56%",""
2023/06/13 16:19:28,"23.88℃","64.50%",""
2023/06/13 16:29:28,"23.81℃","63.75%",""
2023/06/13 16:39:28,"23.81℃","63.62%",""
2023/06/13 16:49:28,"23.81℃","63.62%",""
2023/06/13 16:59:28,"23.88℃","62.50%",""
2023/06/13 17:09:28,"23.81℃","62.50%",""
2023/06/13 17:19:28,"23.81℃","62.69%",""
2023/06/13 17:29:28,"23.81℃","63.25%",""
2023/06/13 17:39:28,"23.94℃","63.38%",""
2023/06/13 17:49:28,"24.00℃","63.38%",""
2023/06/13 17:59:28,"24.00℃","63.19%",""
2023/06/13 18:09:28,"24.06℃","62.88%",""
2023/06/13 18:19:28,"24.13℃","62.50%",""
2023/06/13 18:29:28,"24.31℃","61.81%",""
2023/06/13 18:39:28,"24.25℃","61.00%",""
2023/06/13 18:49:28,"24.19℃","60.69%",""
2023/06/13 18:59:28,"24.00℃","61.19%",""
2023/06/13 19:09:28,"23.75℃","61.62%",""
2023/06/13 19:19:28,"23.63℃","62.38%",""
2023/06/13 19:29:28,"23.50℃","62.38%",""
2023/06/13 19:39:28,"23.50℃","62.31%",""
2023/06/13 19:49:28,"23.38℃","62.56%",""
2023/06/13 19:59:28,"23.13℃","64.00%",""
2023/06/13 20:09:28,"23.00℃","64.06%",""
2023/06/13 20:19:28,"22.88℃","64.69%",""
2023/06/13 20:29:28,"22.81℃","65.94%",""
2023/06/13 20:39:28,"22.63℃","66.75%",""
2023/06/13 20:49:28,"22.50℃","66.94%",""
2023/06/13 20:59:28,"22.38℃","67.25%",""
2023/06/13 21:09:28,"22.25℃","67.69%",""
2023/06/13 21:19:28,"21.88℃","68.62%",""
2023/06/13 21:29:28,"21.56℃","69.38%",""
2023/06/13 21:39:28,"21.44℃","69.81%",""
2023/06/13 21:49:28,"21.31℃","70.25%",""
2023/06/13 21:59:28,"21.19℃","70.38%",""
2023/06/13 22:09:28,"21.06℃","70.44%",""
2023/06/13 22:19:28,"21.00℃","70.81%",""
2023/06/13 22:29:28,"21.00℃","71.19%",""
2023/06/13 22:39:28,"20.94℃","71.19%",""
2023/06/13 22:49:28,"20.81℃","71.44%",""
2023/06/13 22:59:28,"20.81℃","71.94%",""
2023/06/13 23:09:28,"20.75℃","71.81%",""
2023/06/13 23:19:28,"20.69℃","72.31%",""
2023/06/13 23:29:28,"20.63℃","72.69%",""
2023/06/13 23:39:28,"20.50℃","72.88%",""
2023/06/13 23:49:28,"20.44℃","73.31%",""
2023/06/13 23:59:28,"20.56℃","73.19%",""
2023/06/14 00:09:28,"20.50℃","73.50%",""
2023/06/14 00:19:28,"20.31℃","73.62%",""
2023/06/14 00:29:28,"20.13℃","74.50%",""
2023/06/14 00:39:28,"20.13℃","74.88%",""
2023/06/14 00:49:28,"20.06℃","75.50%",""
2023/06/14 00:59:28,"20.00℃","75.94%",""
2023/06/14 01:09:28,"19.88℃","76.19%",""
2023/06/14 01:19:28,"19.75℃","77.06%",""
2023/06/14 01:29:28,"19.69℃","77.50%",""
2023/06/14 01:39:28,"19.63℃","77.81%",""
2023/06/14 01:49:28,"19.50℃","77.50%",""
2023/06/14 01:59:28,"19.44℃","77.81%",""
2023/06/14 02:09:28,"19.25℃","78.12%",""
2023/06/14 02:19:28,"19.00℃","79.31%",""
2023/06/14 02:29:28,"18.63℃","80.75%",""
2023/06/14 02:39:28,"18.56℃","81.50%",""
2023/06/14 02:49:28,"18.50℃","81.38%",""
2023/06/14 02:59:28,"18.38℃","81.69%",""
2023/06/14 03:09:28,"18.13℃","82.75%",""
2023/06/14 03:19:28,"18.00℃","81.31%",""
2023/06/14 03:29:28,"17.88℃","81.44%",""
2023/06/14 03:39:28,"17.88℃","81.19%",""
2023/06/14 03:49:28,"17.63℃","83.00%",""
2023/06/14 03:59:28,"17.50℃","82.75%",""
2023/06/14 04:09:28,"17.25℃","83.56%",""
2023/06/14 04:19:28,"17.19℃","83.75%",""
2023/06/14 04:29:28,"17.06℃","83.94%",""
2023/06/14 04:39:28,"16.94℃","84.62%",""
2023/06/14 04:49:28,"17.00℃","85.00%",""
2023/06/14 04:59:28,"17.00℃","85.06%",""
2023/06/14 05:09:28,"16.88℃","85.38%",""
2023/06/14 05:19:28,"16.81℃","85.88%",""
2023/06/14 05:29:28,"16.81℃","85.75%",""
2023/06/14 05:39:28,"16.81℃","85.50%",""
2023/06/14 05:49:28,"16.75℃","85.38%",""
2023/06/14 05:59:28,"16.69℃","85.19%",""
2023/06/14 06:09:28,"16.75℃","85.00%",""
2023/06/14 06:19:28,"16.75℃","84.62%",""
2023/06/14 06:29:28,"16.88℃","84.38%",""
2023/06/14 06:39:28,"17.00℃","84.25%",""
2023/06/14 06:49:28,"17.19℃","83.88%",""
2023/06/14 06:59:28,"17.25℃","83.94%",""
2023/06/14 07:09:28,"17.38℃","83.75%",""
2023/06/14 07:19:28,"17.50℃","83.75%",""
2023/06/14 07:29:28,"17.56℃","83.56%",""
2023/06/14 07:39:28,"17.69℃","84.12%",""
2023/06/14 07:49:28,"17.94℃","83.75%",""
2023/06/14 07:59:28,"18.31℃","84.06%",""
2023/06/14 08:09:28,"18.63℃","82.94%",""
2023/06/14 08:19:28,"18.81℃","82.19%",""
2023/06/14 08:29:28,"19.00℃","81.81%",""
2023/06/14 08:39:28,"19.31℃","80.38%",""
2023/06/14 08:49:28,"19.50℃","79.75%",""
2023/06/14 08:59:28,"19.63℃","78.94%",""
2023/06/14 09:09:28,"20.06℃","79.00%",""
2023/06/14 09:19:28,"20.50℃","76.88%",""
2023/06/14 09:29:28,"20.81℃","75.56%",""
2023/06/14 09:39:28,"20.94℃","74.38%",""
2023/06/14 09:49:28,"21.06℃","74.25%",""
2023/06/14 09:59:28,"21.31℃","73.06%",""
2023/06/14 10:09:28,"21.44℃","72.38%",""
2023/06/14 10:19:28,"21.38℃","72.25%",""
2023/06/14 10:29:28,"21.38℃","71.88%",""
2023/06/14 10:39:28,"21.44℃","71.31%",""
2023/06/14 10:49:28,"21.69℃","70.31%",""
2023/06/14 10:59:28,"21.94℃","69.94%",""
2023/06/14 11:09:28,"22.13℃","67.75%",""
2023/06/14 11:19:28,"22.25℃","67.25%",""
2023/06/14 11:29:28,"22.50℃","66.38%",""
2023/06/14 11:39:28,"22.56℃","64.19%",""
2023/06/14 11:49:28,"22.63℃","64.69%",""
2023/06/14 11:59:28,"22.81℃","65.44%",""
2023/06/14 12:09:28,"22.81℃","63.25%",""
2023/06/14 12:19:28,"22.69℃","61.69%",""
2023/06/14 12:29:28,"22.75℃","61.56%",""
2023/06/14 12:39:28,"22.81℃","61.00%",""
2023/06/14 12:49:28,"23.06℃","60.00%",""
2023/06/14 12:59:28,"23.44℃","58.94%",""
2023/06/14 13:09:28,"23.38℃","58.31%",""
2023/06/14 13:19:28,"23.38℃","58.75%",""
2023/06/14 13:29:28,"23.81℃","57.38%",""
2023/06/14 13:39:28,"24.13℃","57.00%",""
2023/06/14 13:49:28,"24.06℃","56.56%",""
2023/06/14 13:59:28,"24.13℃","55.75%",""
2023/06/14 14:09:28,"24.19℃","56.38%",""
2023/06/14 14:19:28,"24.38℃","56.62%",""
2023/06/14 14:29:28,"24.31℃","56.62%",""
2023/06/14 14:39:28,"24.63℃","57.44%",""
2023/06/14 14:49:28,"24.75℃","57.31%",""
2023/06/14 14:59:28,"24.94℃","56.94%",""
2023/06/14 15:09:28,"25.06℃","56.88%",""
2023/06/14 15:19:28,"25.50℃","56.69%",""
2023/06/14 15:29:28,"25.81℃","57.12%",""
2023/06/14 15:39:28,"25.88℃","56.50%",""
2023/06/14 15:49:28,"25.88℃","56.69%",""
2023/06/14 15:59:28,"25.88℃","56.25%",""
2023/06/14 16:09:28,"26.06℃","55.94%",""
2023/06/14 16:19:28,"26.06℃","55.81%",""
2023/06/14 16:29:28,"26.31℃","55.62%",""
2023/06/14 16:39:28,"26.50℃","54.75%",""
2023/06/14 16:49:28,"26.50℃","55.25%",""
2023/06/14 16:59:28,"26.50℃","54.81%",""
2023/06/14 17:09:28,"26.69℃","54.38%",""
2023/06/14 17:19:28,"26.50℃","53.75%",""
2023/06/14 17:29:28,"26.25℃","54.50%",""
2023/06/14 17:39:28,"26.13℃","54.31%",""
2023/06/14 17:49:28,"26.13℃","54.94%",""
2023/06/14 17:59:28,"25.94℃","54.62%",""
2023/06/14 18:09:28,"25.75℃","54.25%",""
2023/06/14 18:19:28,"25.88℃","55.00%",""
2023/06/14 18:29:28,"26.00℃","55.44%",""
2023/06/14 18:39:28,"26.44℃","54.62%",""
2023/06/14 18:49:28,"26.88℃","54.56%",""
2023/06/14 18:59:28,"27.25℃","54.44%",""
2023/06/14 19:09:28,"28.00℃","53.12%",""
2023/06/14 19:19:28,"28.75℃","52.12%",""
2023/06/14 19:29:28,"28.19℃","52.06%",""
2023/06/14 19:39:28,"27.63℃","53.38%",""
2023/06/14 19:49:28,"27.19℃","53.62%",""
2023/06/14 19:59:28,"26.88℃","54.25%",""
2023/06/14 20:09:28,"26.63℃","54.81%",""
2023/06/14 20:19:28,"26.25℃","55.69%",""
2023/06/14 20:29:28,"26.13℃","56.50%",""
2023/06/14 20:39:28,"25.81℃","57.44%",""
2023/06/14 20:49:28,"25.44℃","57.81%",""
2023/06/14 20:59:28,"25.00℃","58.75%",""
2023/06/14 21:09:28,"24.56℃","60.06%",""
2023/06/14 21:19:28,"24.31℃","60.88%",""
2023/06/14 21:29:28,"24.00℃","61.56%",""
2023/06/14 21:39:28,"23.75℃","62.25%",""
2023/06/14 21:49:28,"23.56℃","62.50%",""
2023/06/14 21:59:28,"23.44℃","62.75%",""
2023/06/14 22:09:28,"23.38℃","63.00%",""
2023/06/14 22:19:28,"23.38℃","63.44%",""
2023/06/14 22:29:28,"23.31℃","63.12%",""
2023/06/14 22:39:28,"23.13℃","63.06%",""
2023/06/14 22:49:28,"23.00℃","63.31%",""
2023/06/14 22:59:28,"23.06℃","63.31%",""
2023/06/14 23:09:28,"23.00℃","63.38%",""
2023/06/14 23:19:28,"22.88℃","63.62%",""
2023/06/14 23:29:28,"22.81℃","63.25%",""
2023/06/14 23:39:28,"21.88℃","67.62%",""
2023/06/14 23:49:28,"18.81℃","79.25%",""
2023/06/14 23:59:28,"18.13℃","83.50%",""
2023/06/15 00:09:28,"18.38℃","85.94%",""
2023/06/15 00:19:28,"18.56℃","84.75%",""
2023/06/15 00:29:28,"18.31℃","80.69%",""
2023/06/15 00:39:28,"18.75℃","85.25%",""
2023/06/15 00:49:28,"18.75℃","85.19%",""
2023/06/15 00:59:28,"18.81℃","83.56%",""
2023/06/15 01:09:28,"18.56℃","83.81%",""
2023/06/15 01:19:28,"18.38℃","83.31%",""
2023/06/15 01:29:28,"18.25℃","85.12%",""
2023/06/15 01:39:28,"18.00℃","85.56%",""
2023/06/15 01:49:28,"17.81℃","85.75%",""
2023/06/15 01:59:28,"17.81℃","85.31%",""
2023/06/15 02:09:28,"17.75℃","84.81%",""
2023/06/15 02:19:28,"17.75℃","85.25%",""
2023/06/15 02:29:28,"17.75℃","84.62%",""
2023/06/15 02:39:28,"17.75℃","84.50%",""
2023/06/15 02:49:28,"17.75℃","84.88%",""
2023/06/15 02:59:28,"17.81℃","84.38%",""
2023/06/15 03:09:28,"17.69℃","84.44%",""
2023/06/15 03:19:28,"17.69℃","84.81%",""
2023/06/15 03:29:28,"17.63℃","84.94%",""
2023/06/15 03:39:28,"17.56℃","84.69%",""
2023/06/15 03:49:28,"17.56℃","85.50%",""
2023/06/15 03:59:28,"17.50℃","85.06%",""
2023/06/15 04:09:28,"17.50℃","84.88%",""
2023/06/15 04:19:28,"17.56℃","85.19%",""
2023/06/15 04:29:28,"17.44℃","85.38%",""
2023/06/15 04:39:28,"17.31℃","84.88%",""
2023/06/15 04:49:28,"17.25℃","84.81%",""
2023/06/15 04:59:28,"17.31℃","85.00%",""
2023/06/15 05:09:28,"17.31℃","84.88%",""
2023/06/15 05:19:28,"17.38℃","83.62%",""
2023/06/15 05:29:28,"17.19℃","83.44%",""
2023/06/15 05:39:28,"17.13℃","83.62%",""
2023/06/15 05:49:28,"17.13℃","83.38%",""
2023/06/15 05:59:28,"17.19℃","83.38%",""
2023/06/15 06:09:28,"17.25℃","83.62%",""
2023/06/15 06:19:28,"17.25℃","83.69%",""
2023/06/15 06:29:28,"17.31℃","83.31%",""
2023/06/15 06:39:28,"17.44℃","82.75%",""
2023/06/15 06:49:28,"17.63℃","82.69%",""
2023/06/15 06:59:28,"17.94℃","82.50%",""
2023/06/15 07:09:28,"18.38℃","81.50%",""
2023/06/15 07:19:28,"19.19℃","80.94%",""
2023/06/15 07:29:28,"19.88℃","79.31%",""
2023/06/15 07:39:28,"20.19℃","76.75%",""
2023/06/15 07:49:28,"20.25℃","76.00%",""
2023/06/15 07:59:28,"20.69℃","74.69%",""
2023/06/15 08:09:28,"22.50℃","69.81%",""
2023/06/15 08:19:28,"23.06℃","68.06%",""
2023/06/15 08:29:28,"24.25℃","65.75%",""
2023/06/15 08:39:28,"23.88℃","63.50%",""
2023/06/15 08:49:28,"22.56℃","66.38%",""
2023/06/15 08:59:28,"21.88℃","67.69%",""
2023/06/15 09:09:28,"21.69℃","69.31%",""
2023/06/15 09:19:28,"21.63℃","70.25%",""
2023/06/15 09:29:28,"21.38℃","69.62%",""
2023/06/15 09:39:28,"21.56℃","72.19%",""
2023/06/15 09:49:28,"21.63℃","71.38%",""
2023/06/15 09:59:28,"21.69℃","70.75%",""
2023/06/15 10:09:28,"21.56℃","69.88%",""
2023/06/15 10:19:28,"21.63℃","70.00%",""
2023/06/15 10:29:28,"21.69℃","68.31%",""
2023/06/15 10:39:28,"21.75℃","69.25%",""
2023/06/15 10:49:28,"21.38℃","66.88%",""
2023/06/15 10:59:28,"22.06℃","66.12%",""
2023/06/15 11:09:28,"22.06℃","65.44%",""
2023/06/15 11:19:28,"22.31℃","66.12%",""
2023/06/15 11:29:28,"22.63℃","67.19%",""
2023/06/15 11:39:28,"23.00℃","66.69%",""
2023/06/15 11:49:28,"23.25℃","65.38%",""
2023/06/15 11:59:28,"23.50℃","65.00%",""
2023/06/15 12:09:28,"23.63℃","63.69%",""
2023/06/15 12:19:28,"23.75℃","62.50%",""
2023/06/15 12:29:28,"24.06℃","62.94%",""
2023/06/15 12:39:28,"24.00℃","61.94%",""
2023/06/15 12:49:28,"24.13℃","61.88%",""
2023/06/15 12:59:28,"24.25℃","60.12%",""
2023/06/15 13:09:28,"24.31℃","60.69%",""
2023/06/15 13:19:28,"24.38℃","60.12%",""
2023/06/15 13:29:28,"24.56℃","59.75%",""
2023/06/15 13:39:28,"24.75℃","59.69%",""
2023/06/15 13:49:28,"24.88℃","59.06%",""
2023/06/15 13:59:28,"24.75℃","58.50%",""
2023/06/15 14:09:28,"24.81℃","58.88%",""
2023/06/15 14:19:28,"24.88℃","58.44%",""
2023/06/15 14:29:28,"25.00℃","57.69%",""
2023/06/15 14:39:28,"25.25℃","58.31%",""
2023/06/15 14:49:28,"25.31℃","57.56%",""
2023/06/15 14:59:28,"25.50℃","57.62%",""
2023/06/15 15:09:28,"25.50℃","56.19%",""
2023/06/15 15:19:28,"25.56℃","56.75%",""
2023/06/15 15:29:28,"25.69℃","56.75%",""
2023/06/15 15:39:28,"25.81℃","56.81%",""
2023/06/15 15:49:28,"25.94℃","55.81%",""
2023/06/15 15:59:28,"26.19℃","54.88%",""
2023/06/15 16:09:28,"26.25℃","55.25%",""
2023/06/15 16:19:28,"26.38℃","54.88%",""
2023/06/15 16:29:28,"26.56℃","54.62%",""
2023/06/15 16:39:28,"26.69℃","53.88%",""
2023/06/15 16:49:28,"26.81℃","53.56%",""
2023/06/15 16:59:28,"26.69℃","53.75%",""
2023/06/15 17:09:28,"26.81℃","52.25%",""
2023/06/15 17:19:28,"27.06℃","52.44%",""
2023/06/15 17:29:28,"27.31℃","53.44%",""
2023/06/15 17:39:28,"27.31℃","53.38%",""
2023/06/15 17:49:28,"27.44℃","53.12%",""
2023/06/15 17:59:28,"27.63℃","51.62%",""
2023/06/15 18:09:28,"27.63℃","52.06%",""
2023/06/15 18:19:28,"27.56℃","52.06%",""
2023/06/15 18:29:28,"27.56℃","51.56%",""
2023/06/15 18:39:28,"27.69℃","51.19%",""
2023/06/15 18:49:28,"28.00℃","51.06%",""
2023/06/15 18:59:28,"28.44℃","50.19%",""
2023/06/15 19:09:28,"29.44℃","49.12%",""
2023/06/15 19:19:28,"30.75℃","46.44%",""
2023/06/15 19:29:28,"29.94℃","46.94%",""
2023/06/15 19:39:28,"29.44℃","48.19%",""
2023/06/15 19:49:28,"28.88℃","49.38%",""
2023/06/15 19:59:28,"28.25℃","47.62%",""
2023/06/15 20:09:28,"27.94℃","49.94%",""
2023/06/15 20:19:28,"27.50℃","51.44%",""
2023/06/15 20:29:28,"26.38℃","52.44%",""
2023/06/15 20:39:28,"26.19℃","53.00%",""
2023/06/15 20:49:28,"26.00℃","53.00%",""
2023/06/15 20:59:28,"25.56℃","54.31%",""
2023/06/15 21:09:28,"25.13℃","55.50%",""
2023/06/15 21:19:28,"24.75℃","56.81%",""
2023/06/15 21:29:28,"24.44℃","58.19%",""
2023/06/15 21:39:28,"24.06℃","59.00%",""
2023/06/15 21:49:28,"23.88℃","59.44%",""
2023/06/15 21:59:28,"23.81℃","59.94%",""
2023/06/15 22:09:28,"23.75℃","60.56%",""
2023/06/15 22:19:28,"23.63℃","61.38%",""
2023/06/15 22:29:28,"23.38℃","62.19%",""
2023/06/15 22:39:28,"23.00℃","62.44%",""
2023/06/15 22:49:28,"22.75℃","63.38%",""
2023/06/15 22:59:28,"22.56℃","64.00%",""
2023/06/15 23:09:28,"22.44℃","64.62%",""
2023/06/15 23:19:28,"22.13℃","64.56%",""
2023/06/15 23:29:28,"21.88℃","64.62%",""
2023/06/15 23:39:28,"21.63℃","65.88%",""
2023/06/15 23:49:28,"21.44℃","66.25%",""
2023/06/15 23:59:28,"21.31℃","67.25%",""
2023/06/16 00:09:28,"21.19℃","68.00%",""
2023/06/16 00:19:28,"21.13℃","68.31%",""
2023/06/16 00:29:28,"21.06℃","68.56%",""
2023/06/16 00:39:28,"20.88℃","69.31%",""
2023/06/16 00:49:28,"20.75℃","69.56%",""
2023/06/16 00:59:28,"20.63℃","69.94%",""
2023/06/16 01:09:28,"20.50℃","70.75%",""
2023/06/16 01:19:28,"20.38℃","71.31%",""
2023/06/16 01:29:28,"20.25℃","71.88%",""
2023/06/16 01:39:28,"20.13℃","72.50%",""
2023/06/16 01:49:28,"20.06℃","72.56%",""
2023/06/16 01:59:28,"20.06℃","72.69%",""
2023/06/16 02:09:28,"19.94℃","72.62%",""
2023/06/16 02:19:28,"19.81℃","72.88%",""
2023/06/16 02:29:28,"19.69℃","73.38%",""
2023/06/16 02:39:28,"19.63℃","73.62%",""
2023/06/16 02:49:28,"19.56℃","73.88%",""
2023/06/16 02:59:28,"19.63℃","73.88%",""
2023/06/16 03:09:28,"19.44℃","74.62%",""
2023/06/16 03:19:28,"19.31℃","75.12%",""
2023/06/16 03:29:28,"19.19℃","75.25%",""
2023/06/16 03:39:28,"19.13℃","75.38%",""
2023/06/16 03:49:28,"18.94℃","75.81%",""
2023/06/16 03:59:28,"18.88℃","75.62%",""
2023/06/16 04:09:28,"18.88℃","75.75%",""
2023/06/16 04:19:28,"18.81℃","76.06%",""
2023/06/16 04:29:28,"18.75℃","75.94%",""
2023/06/16 04:39:28,"18.63℃","76.38%",""
2023/06/16 04:49:28,"18.44℃","76.88%",""
2023/06/16 04:59:28,"18.38℃","77.62%",""
2023/06/16 05:09:28,"18.19℃","78.00%",""
2023/06/16 05:19:28,"18.25℃","77.25%",""
2023/06/16 05:29:28,"18.13℃","77.12%",""
2023/06/16 05:39:28,"18.06℃","76.94%",""
2023/06/16 05:49:28,"18.00℃","77.12%",""
2023/06/16 05:59:28,"18.00℃","77.12%",""
2023/06/16 06:09:28,"18.00℃","76.88%",""
2023/06/16 06:19:28,"18.06℃","76.81%",""
2023/06/16 06:29:28,"18.25℃","76.88%",""
2023/06/16 06:39:28,"18.31℃","76.25%",""
2023/06/16 06:49:28,"18.50℃","75.88%",""
2023/06/16 06:59:28,"18.75℃","75.25%",""
2023/06/16 07:09:28,"19.44℃","74.12%",""
2023/06/16 07:19:28,"20.06℃","71.81%",""
2023/06/16 07:29:28,"20.63℃","70.00%",""
2023/06/16 07:39:28,"20.81℃","69.31%",""
2023/06/16 07:49:28,"20.88℃","68.38%",""
2023/06/16 07:59:28,"21.50℃","65.81%",""
2023/06/16 08:09:28,"23.63℃","60.31%",""
2023/06/16 08:19:28,"24.63℃","57.75%",""
2023/06/16 08:29:28,"24.75℃","55.50%",""
2023/06/16 08:39:28,"24.19℃","55.94%",""
2023/06/16 08:49:28,"22.94℃","57.94%",""
2023/06/16 08:59:28,"22.69℃","59.69%",""
2023/06/16 09:09:28,"22.31℃","59.25%",""
2023/06/16 09:19:28,"22.06℃","60.00%",""
2023/06/16 09:29:28,"22.13℃","60.00%",""
2023/06/16 09:39:28,"22.25℃","59.62%",""
2023/06/16 09:49:28,"22.50℃","59.88%",""
2023/06/16 09:59:28,"22.50℃","59.50%",""
2023/06/16 10:09:28,"22.63℃","58.88%",""
2023/06/16 10:19:28,"22.69℃","56.81%",""
2023/06/16 10:29:28,"22.88℃","56.56%",""
2023/06/16 10:39:28,"23.00℃","56.69%",""
2023/06/16 10:49:28,"23.00℃","56.06%",""
2023/06/16 10:59:28,"23.13℃","56.06%",""
2023/06/16 11:09:28,"23.38℃","55.75%",""
2023/06/16 11:19:28,"23.44℃","54.44%",""
2023/06/16 11:29:28,"23.63℃","53.81%",""
2023/06/16 11:39:28,"23.69℃","52.25%",""
2023/06/16 11:49:28,"23.75℃","50.75%",""
2023/06/16 11:59:28,"23.88℃","50.19%",""
2023/06/16 12:09:28,"23.88℃","51.25%",""
2023/06/16 12:19:28,"24.06℃","48.94%",""
2023/06/16 12:29:28,"24.19℃","49.38%",""
2023/06/16 12:39:28,"24.50℃","46.69%",""
2023/06/16 12:49:28,"24.75℃","44.81%",""
2023/06/16 12:59:28,"24.81℃","44.62%",""
2023/06/16 13:09:28,"24.94℃","44.69%",""
2023/06/16 13:19:28,"24.94℃","45.06%",""
2023/06/16 13:29:28,"25.13℃","44.56%",""
2023/06/16 13:39:28,"25.13℃","46.00%",""
2023/06/16 13:49:28,"25.25℃","48.88%",""
2023/06/16 13:59:28,"25.50℃","44.19%",""
2023/06/16 14:09:28,"25.94℃","39.44%",""
2023/06/16 14:19:28,"26.00℃","38.12%",""
2023/06/16 14:29:28,"26.13℃","41.12%",""
2023/06/16 14:39:28,"26.19℃","42.44%",""
2023/06/16 14:49:28,"26.38℃","42.94%",""
2023/06/16 14:59:28,"26.38℃","41.75%",""
2023/06/16 15:09:28,"26.44℃","42.50%",""
2023/06/16 15:19:28,"26.69℃","40.94%",""
2023/06/16 15:29:28,"26.75℃","41.06%",""
2023/06/16 15:39:28,"26.94℃","41.06%",""
2023/06/16 15:49:28,"26.94℃","42.38%",""
2023/06/16 15:59:28,"26.94℃","43.44%",""
2023/06/16 16:09:28,"26.94℃","43.75%",""
2023/06/16 16:19:28,"27.00℃","42.50%",""
2023/06/16 16:29:28,"27.13℃","40.44%",""
2023/06/16 16:39:28,"27.25℃","39.81%",""
2023/06/16 16:49:28,"27.25℃","39.88%",""
2023/06/16 16:59:28,"27.31℃","39.44%",""
2023/06/16 17:09:28,"27.38℃","40.00%",""
2023/06/16 17:19:28,"27.38℃","40.31%",""
2023/06/16 17:29:28,"27.38℃","39.94%",""
2023/06/16 17:39:28,"27.44℃","41.56%",""
2023/06/16 17:49:28,"27.44℃","40.00%",""
2023/06/16 17:59:28,"27.50℃","40.06%",""
2023/06/16 18:09:28,"27.50℃","38.12%",""
2023/06/16 18:19:28,"27.50℃","37.81%",""
2023/06/16 18:29:28,"27.63℃","36.56%",""
2023/06/16 18:39:28,"27.56℃","37.81%",""
2023/06/16 18:49:28,"27.69℃","37.38%",""
2023/06/16 18:59:28,"28.19℃","36.06%",""
2023/06/16 19:09:28,"29.31℃","35.25%",""
2023/06/16 19:19:28,"30.94℃","32.81%",""
2023/06/16 19:29:28,"30.13℃","34.00%",""
2023/06/16 19:39:28,"29.50℃","35.31%",""
2023/06/16 19:49:28,"29.00℃","35.44%",""
2023/06/16 19:59:28,"28.50℃","35.69%",""
2023/06/16 20:09:28,"28.19℃","37.19%",""
2023/06/16 20:19:28,"27.81℃","37.38%",""
2023/06/16 20:29:28,"27.44℃","38.62%",""
2023/06/16 20:39:28,"27.06℃","39.75%",""
2023/06/16 20:49:28,"26.81℃","41.12%",""
2023/06/16 20:59:28,"26.44℃","42.19%",""
2023/06/16 21:09:28,"26.13℃","43.56%",""
2023/06/16 21:19:28,"25.81℃","44.69%",""
2023/06/16 21:29:28,"25.50℃","45.56%",""
2023/06/16 21:39:28,"25.25℃","45.94%",""
2023/06/16 21:49:28,"24.94℃","46.69%",""
2023/06/16 21:59:28,"24.50℃","47.19%",""
2023/06/16 22:09:28,"24.44℃","47.12%",""
2023/06/16 22:19:28,"24.31℃","47.25%",""
2023/06/16 22:29:28,"24.13℃","48.31%",""
2023/06/16 22:39:28,"24.00℃","48.94%",""
2023/06/16 22:49:28,"23.69℃","50.25%",""
2023/06/16 22:59:28,"23.50℃","51.00%",""
2023/06/16 23:09:28,"23.25℃","51.94%",""
2023/06/16 23:19:28,"23.00℃","52.38%",""
2023/06/16 23:29:28,"22.75℃","53.38%",""
2023/06/16 23:39:28,"22.63℃","53.19%",""
2023/06/16 23:49:28,"22.50℃","53.62%",""
2023/06/16 23:59:28,"22.38℃","50.75%",""
2023/06/17 00:09:28,"22.31℃","49.25%",""
2023/06/17 00:19:28,"22.13℃","48.94%",""
2023/06/17 00:29:28,"22.00℃","47.62%",""
2023/06/17 00:39:28,"22.06℃","44.62%",""
2023/06/17 00:49:28,"22.19℃","42.50%",""
2023/06/17 00:59:28,"22.13℃","42.19%",""
2023/06/17 01:09:28,"21.94℃","43.88%",""
2023/06/17 01:19:28,"21.63℃","45.31%",""
2023/06/17 01:29:28,"21.25℃","46.06%",""
2023/06/17 01:39:28,"21.00℃","46.00%",""
2023/06/17 01:49:28,"20.88℃","46.00%",""
2023/06/17 01:59:28,"20.81℃","46.50%",""
2023/06/17 02:09:28,"20.75℃","46.38%",""
2023/06/17 02:19:28,"20.88℃","46.50%",""
2023/06/17 02:29:28,"20.56℃","48.06%",""
2023/06/17 02:39:28,"20.25℃","49.44%",""
2023/06/17 02:49:28,"20.19℃","49.62%",""
2023/06/17 02:59:28,"20.06℃","50.00%",""
2023/06/17 03:09:28,"20.13℃","50.44%",""
2023/06/17 03:19:28,"20.06℃","51.38%",""
2023/06/17 03:29:28,"19.75℃","51.31%",""
2023/06/17 03:39:28,"19.81℃","52.56%",""
2023/06/17 03:49:28,"19.94℃","53.88%",""
2023/06/17 03:59:28,"20.06℃","54.88%",""
2023/06/17 04:09:28,"20.06℃","55.31%",""
2023/06/17 04:19:28,"19.88℃","56.25%",""
2023/06/17 04:29:28,"19.69℃","57.25%",""
2023/06/17 04:39:28,"19.38℃","58.50%",""
2023/06/17 04:49:28,"19.06℃","60.19%",""
2023/06/17 04:59:28,"18.81℃","61.06%",""
2023/06/17 05:09:28,"18.56℃","61.81%",""
2023/06/17 05:19:28,"18.31℃","62.31%",""
2023/06/17 05:29:28,"18.25℃","62.94%",""
2023/06/17 05:39:28,"18.19℃","63.12%",""
2023/06/17 05:49:28,"18.31℃","62.62%",""
2023/06/17 05:59:28,"18.38℃","62.62%",""
2023/06/17 06:09:28,"18.38℃","62.38%",""
2023/06/17 06:19:28,"18.50℃","62.31%",""
2023/06/17 06:29:28,"18.69℃","61.75%",""
2023/06/17 06:39:28,"18.94℃","61.31%",""
2023/06/17 06:49:28,"18.94℃","61.25%",""
2023/06/17 06:59:28,"18.94℃","61.50%",""
2023/06/17 07:09:28,"18.94℃","62.00%",""
2023/06/17 07:19:28,"19.13℃","61.69%",""
2023/06/17 07:29:28,"19.44℃","60.19%",""
2023/06/17 07:39:28,"19.88℃","58.19%",""
2023/06/17 07:49:28,"20.13℃","57.06%",""
2023/06/17 07:59:28,"20.88℃","56.25%",""
2023/06/17 08:09:28,"21.94℃","54.31%",""
2023/06/17 08:19:28,"22.94℃","51.31%",""
2023/06/17 08:29:28,"24.13℃","49.56%",""
2023/06/17 08:39:28,"24.50℃","49.44%",""
2023/06/17 08:49:28,"23.25℃","51.50%",""
2023/06/17 08:59:28,"22.75℃","52.69%",""
2023/06/17 09:09:28,"22.75℃","53.12%",""
2023/06/17 09:19:28,"22.81℃","52.88%",""
2023/06/17 09:29:28,"22.75℃","52.88%",""
2023/06/17 09:39:28,"22.94℃","52.81%",""
2023/06/17 09:49:28,"23.19℃","51.88%",""
2023/06/17 09:59:28,"23.56℃","51.62%",""
2023/06/17 10:09:28,"23.88℃","50.44%",""
2023/06/17 10:19:28,"24.00℃","50.31%",""
2023/06/17 10:29:28,"23.94℃","48.81%",""
2023/06/17 10:39:28,"24.00℃","48.50%",""
2023/06/17 10:49:28,"24.00℃","46.62%",""
2023/06/17 10:59:28,"24.06℃","42.19%",""
2023/06/17 11:09:28,"24.13℃","42.75%",""
2023/06/17 11:19:28,"24.25℃","43.62%",""
2023/06/17 11:29:28,"24.38℃","43.50%",""
2023/06/17 11:39:28,"24.56℃","42.06%",""
2023/06/17 11:49:28,"24.69℃","41.31%",""
2023/06/17 11:59:28,"24.81℃","41.75%",""
2023/06/17 12:09:28,"25.06℃","42.00%",""
2023/06/17 12:19:28,"25.13℃","42.44%",""
2023/06/17 12:29:28,"25.13℃","44.06%",""
2023/06/17 12:39:28,"25.25℃","43.75%",""
2023/06/17 12:49:28,"25.50℃","44.00%",""
2023/06/17 12:59:28,"25.63℃","43.50%",""
2023/06/17 13:09:28,"25.75℃","43.94%",""
2023/06/17 13:19:28,"25.88℃","43.56%",""
2023/06/17 13:29:28,"26.00℃","43.69%",""
2023/06/17 13:39:28,"26.06℃","43.31%",""
2023/06/17 13:49:28,"26.06℃","43.50%",""
2023/06/17 13:59:28,"26.13℃","44.06%",""
2023/06/17 14:09:28,"26.25℃","42.75%",""
2023/06/17 14:19:28,"26.38℃","40.81%",""
2023/06/17 14:29:28,"26.50℃","40.00%",""
2023/06/17 14:39:28,"26.63℃","39.19%",""
2023/06/17 14:49:28,"26.88℃","40.62%",""
2023/06/17 14:59:28,"26.94℃","40.12%",""
2023/06/17 15:09:28,"27.06℃","40.38%",""
2023/06/17 15:19:28,"27.31℃","39.75%",""
2023/06/17 15:29:28,"27.44℃","38.44%",""
2023/06/17 15:39:28,"27.50℃","35.81%",""
2023/06/17 15:49:28,"27.56℃","36.12%",""
2023/06/17 15:59:28,"27.63℃","34.50%",""
2023/06/17 16:09:28,"27.75℃","37.00%",""
2023/06/17 16:19:28,"27.81℃","37.38%",""
2023/06/17 16:29:28,"27.88℃","36.88%",""
2023/06/17 16:39:28,"27.94℃","37.75%",""
2023/06/17 16:49:28,"28.00℃","36.69%",""
2023/06/17 16:59:28,"28.06℃","36.50%",""
2023/06/17 17:09:28,"28.13℃","35.44%",""
2023/06/17 17:19:28,"28.31℃","35.75%",""
2023/06/17 17:29:28,"28.44℃","36.00%",""
2023/06/17 17:39:28,"28.44℃","36.12%",""
2023/06/17 17:49:28,"28.38℃","35.81%",""
2023/06/17 17:59:28,"28.38℃","36.94%",""
2023/06/17 18:09:28,"28.38℃","35.94%",""
2023/06/17 18:19:28,"28.38℃","34.88%",""
2023/06/17 18:29:28,"28.25℃","35.19%",""
2023/06/17 18:39:28,"28.31℃","34.19%",""
2023/06/17 18:49:28,"28.50℃","34.12%",""
2023/06/17 18:59:28,"28.75℃","35.19%",""
2023/06/17 19:09:28,"29.50℃","34.62%",""
2023/06/17 19:19:28,"30.13℃","33.56%",""
2023/06/17 19:29:28,"29.56℃","33.38%",""
2023/06/17 19:39:28,"29.38℃","34.69%",""
2023/06/17 19:49:28,"29.13℃","33.81%",""
2023/06/17 19:59:28,"28.88℃","32.81%",""
2023/06/17 20:09:28,"28.56℃","32.19%",""
2023/06/17 20:19:28,"28.19℃","33.69%",""
2023/06/17 20:29:28,"27.81℃","34.88%",""
2023/06/17 20:39:28,"27.50℃","35.75%",""
2023/06/17 20:49:28,"27.13℃","36.06%",""
2023/06/17 20:59:28,"26.81℃","36.38%",""
2023/06/17 21:09:28,"26.50℃","36.81%",""
2023/06/17 21:19:28,"26.19℃","37.19%",""
2023/06/17 21:29:28,"26.00℃","38.44%",""
2023/06/17 21:39:28,"25.75℃","39.12%",""
2023/06/17 21:49:28,"25.56℃","40.00%",""
2023/06/17 21:59:28,"25.38℃","41.50%",""
2023/06/17 22:09:28,"25.13℃","42.25%",""
2023/06/17 22:19:28,"25.00℃","43.31%",""
2023/06/17 22:29:28,"24.81℃","44.06%",""
2023/06/17 22:39:28,"24.63℃","44.62%",""
2023/06/17 22:49:28,"24.31℃","46.62%",""
2023/06/17 22:59:28,"24.00℃","48.00%",""
2023/06/17 23:09:28,"23.81℃","49.44%",""
2023/06/17 23:19:28,"23.63℃","50.62%",""
2023/06/17 23:29:28,"23.38℃","51.38%",""
2023/06/17 23:39:28,"23.38℃","51.38%",""
2023/06/17 23:49:28,"23.31℃","50.56%",""
2023/06/17 23:59:28,"23.25℃","51.44%",""
2023/06/18 00:09:28,"23.13℃","52.19%",""
2023/06/18 00:19:28,"22.94℃","53.06%",""
2023/06/18 00:29:28,"22.63℃","54.69%",""
2023/06/18 00:39:28,"22.56℃","55.00%",""
2023/06/18 00:49:28,"22.50℃","55.25%",""
2023/06/18 00:59:28,"22.25℃","56.06%",""
2023/06/18 01:09:28,"22.13℃","56.81%",""
2023/06/18 01:19:28,"21.88℃","57.12%",""
2023/06/18 01:29:28,"21.63℃","57.69%",""
2023/06/18 01:39:28,"21.38℃","57.44%",""
2023/06/18 01:49:28,"21.25℃","57.69%",""
2023/06/18 01:59:28,"21.19℃","58.38%",""
2023/06/18 02:09:28,"20.94℃","59.00%",""
2023/06/18 02:19:28,"20.88℃","59.44%",""
2023/06/18 02:29:28,"20.75℃","59.69%",""
2023/06/18 02:39:28,"20.56℃","60.31%",""
2023/06/18 02:49:28,"20.38℃","60.69%",""
2023/06/18 02:59:28,"20.44℃","60.31%",""
2023/06/18 03:09:28,"20.25℃","61.00%",""
2023/06/18 03:19:28,"19.94℃","61.88%",""
2023/06/18 03:29:28,"19.63℃","62.25%",""
2023/06/18 03:39:28,"19.38℃","62.88%",""
2023/06/18 03:49:28,"19.25℃","62.75%",""
2023/06/18 03:59:28,"19.25℃","62.25%",""
2023/06/18 04:09:28,"19.25℃","62.25%",""
2023/06/18 04:19:28,"19.19℃","62.06%",""
2023/06/18 04:29:28,"19.19℃","61.94%",""
2023/06/18 04:39:28,"19.13℃","61.94%",""
2023/06/18 04:49:28,"19.13℃","62.62%",""
2023/06/18 04:59:28,"18.88℃","62.62%",""
2023/06/18 05:09:28,"18.75℃","62.81%",""
2023/06/18 05:19:28,"18.75℃","63.00%",""
2023/06/18 05:29:28,"18.69℃","63.12%",""
2023/06/18 05:39:28,"18.69℃","63.19%",""
2023/06/18 05:49:28,"18.56℃","63.69%",""
2023/06/18 05:59:28,"18.50℃","63.75%",""
2023/06/18 06:09:28,"18.50℃","63.62%",""
2023/06/18 06:19:28,"18.63℃","63.25%",""
2023/06/18 06:29:28,"18.69℃","63.38%",""
2023/06/18 06:39:28,"18.81℃","63.19%",""
2023/06/18 06:49:28,"18.94℃","63.12%",""
2023/06/18 06:59:28,"19.19℃","63.12%",""
2023/06/18 07:09:28,"19.69℃","62.31%",""
2023/06/18 07:19:28,"20.19℃","61.56%",""
2023/06/18 07:29:28,"20.94℃","60.44%",""
2023/06/18 07:39:28,"21.13℃","58.94%",""
2023/06/18 07:49:28,"21.31℃","58.75%",""
2023/06/18 07:59:28,"21.88℃","58.50%",""
2023/06/18 08:09:28,"23.94℃","55.31%",""
2023/06/18 08:19:28,"25.13℃","51.88%",""
2023/06/18 08:29:28,"25.94℃","50.75%",""
2023/06/18 08:39:28,"26.44℃","49.56%",""
2023/06/18 08:49:28,"24.94℃","51.06%",""
2023/06/18 08:59:28,"24.56℃","50.50%",""
2023/06/18 09:09:28,"24.81℃","51.69%",""
2023/06/18 09:19:28,"24.81℃","51.50%",""
2023/06/18 09:29:28,"24.88℃","51.38%",""
2023/06/18 09:39:28,"24.88℃","51.25%",""
2023/06/18 09:49:28,"24.81℃","51.12%",""
2023/06/18 09:59:28,"25.13℃","52.19%",""
2023/06/18 10:09:28,"25.25℃","51.88%",""
2023/06/18 10:19:28,"25.31℃","51.69%",""
2023/06/18 10:29:28,"25.50℃","49.88%",""
2023/06/18 10:39:28,"25.44℃","49.25%",""
2023/06/18 10:49:28,"25.38℃","45.75%",""
2023/06/18 10:59:28,"25.31℃","48.19%",""
2023/06/18 11:09:28,"25.19℃","47.31%",""
2023/06/18 11:19:28,"25.31℃","48.25%",""
2023/06/18 11:29:28,"25.38℃","48.50%",""
2023/06/18 11:39:28,"25.50℃","47.12%",""
2023/06/18 11:49:28,"25.44℃","47.62%",""
2023/06/18 11:59:28,"25.56℃","46.56%",""
2023/06/18 12:09:28,"25.56℃","45.88%",""
2023/06/18 12:19:28,"25.69℃","47.25%",""
2023/06/18 12:29:28,"25.75℃","47.06%",""
2023/06/18 12:39:28,"26.00℃","45.69%",""
2023/06/18 12:49:28,"26.13℃","45.56%",""
2023/06/18 12:59:28,"26.00℃","43.88%",""
2023/06/18 13:09:28,"26.13℃","45.25%",""
2023/06/18 13:19:28,"26.38℃","45.69%",""
2023/06/18 13:29:28,"26.44℃","44.81%",""
2023/06/18 13:39:28,"26.50℃","43.50%",""
2023/06/18 13:49:28,"26.75℃","43.44%",""
2023/06/18 13:59:28,"26.75℃","42.81%",""
2023/06/18 14:09:28,"26.94℃","42.31%",""
2023/06/18 14:19:28,"27.06℃","43.56%",""
2023/06/18 14:29:28,"27.13℃","44.62%",""
2023/06/18 14:39:28,"27.25℃","44.88%",""
2023/06/18 14:49:28,"27.38℃","45.31%",""
2023/06/18 14:59:28,"27.56℃","45.50%",""
2023/06/18 15:09:28,"27.63℃","45.62%",""
2023/06/18 15:19:28,"27.69℃","44.94%",""
2023/06/18 15:29:28,"27.81℃","43.19%",""
2023/06/18 15:39:28,"27.75℃","42.44%",""
2023/06/18 15:49:28,"27.88℃","41.00%",""
2023/06/18 15:59:28,"28.00℃","42.44%",""
2023/06/18 16:09:28,"28.06℃","43.69%",""
2023/06/18 16:19:28,"28.13℃","42.88%",""
2023/06/18 16:29:28,"28.19℃","41.31%",""
2023/06/18 16:39:28,"28.31℃","40.88%",""
2023/06/18 16:49:28,"28.63℃","42.25%",""
2023/06/18 16:59:28,"28.69℃","43.50%",""
2023/06/18 17:09:28,"28.81℃","44.38%",""
2023/06/18 17:19:28,"29.13℃","44.12%",""
2023/06/18 17:29:28,"29.44℃","43.44%",""
2023/06/18 17:39:28,"29.50℃","43.75%",""
2023/06/18 17:49:28,"29.44℃","43.75%",""
2023/06/18 17:59:28,"29.38℃","44.31%",""
2023/06/18 18:09:28,"29.25℃","44.38%",""
2023/06/18 18:19:28,"29.13℃","44.75%",""
2023/06/18 18:29:28,"28.69℃","44.19%",""
2023/06/18 18:39:28,"28.50℃","44.44%",""
2023/06/18 18:49:28,"28.31℃","45.81%",""
2023/06/18 18:59:28,"28.19℃","47.88%",""
2023/06/18 19:09:28,"28.00℃","50.06%",""
2023/06/18 19:19:28,"27.63℃","52.62%",""
2023/06/18 19:29:28,"27.25℃","54.00%",""
2023/06/18 19:39:28,"27.00℃","54.38%",""
2023/06/18 19:49:28,"26.75℃","54.94%",""
2023/06/18 19:59:28,"26.44℃","53.69%",""
2023/06/18 20:09:28,"26.25℃","53.38%",""
2023/06/18 20:19:28,"26.06℃","53.50%",""
2023/06/18 20:29:28,"25.88℃","53.88%",""
2023/06/18 20:39:28,"25.69℃","54.00%",""
2023/06/18 20:49:28,"25.56℃","54.19%",""
2023/06/18 20:59:28,"25.31℃","55.25%",""
2023/06/18 21:09:28,"25.19℃","56.44%",""
2023/06/18 21:19:28,"25.00℃","58.12%",""
2023/06/18 21:29:28,"24.94℃","59.25%",""
2023/06/18 21:39:28,"24.81℃","60.38%",""
2023/06/18 21:49:28,"24.69℃","61.81%",""
2023/06/18 21:59:28,"24.50℃","63.31%",""
2023/06/18 22:09:28,"24.44℃","63.50%",""
2023/06/18 22:19:28,"24.25℃","64.12%",""
2023/06/18 22:29:28,"24.13℃","64.38%",""
2023/06/18 22:39:28,"24.00℃","64.69%",""
2023/06/18 22:49:28,"23.94℃","64.81%",""
2023/06/18 22:59:28,"23.75℃","63.94%",""
2023/06/18 23:09:28,"23.69℃","65.12%",""
2023/06/18 23:19:28,"23.56℃","65.81%",""
2023/06/18 23:29:28,"23.19℃","66.44%",""
2023/06/18 23:39:28,"22.81℃","64.50%",""
2023/06/18 23:49:28,"22.75℃","63.81%",""
2023/06/18 23:59:28,"22.44℃","63.94%",""
2023/06/19 00:09:28,"22.25℃","64.00%",""
2023/06/19 00:19:28,"22.00℃","64.62%",""
2023/06/19 00:29:28,"21.94℃","64.81%",""
2023/06/19 00:39:28,"22.00℃","65.00%",""
2023/06/19 00:49:28,"22.00℃","65.06%",""
2023/06/19 00:59:28,"21.94℃","65.12%",""
2023/06/19 01:09:28,"21.88℃","65.25%",""
2023/06/19 01:19:28,"21.75℃","65.31%",""
2023/06/19 01:29:28,"21.56℃","65.62%",""
2023/06/19 01:39:28,"21.38℃","65.88%",""
2023/06/19 01:49:28,"21.31℃","66.06%",""
2023/06/19 01:59:28,"21.38℃","66.19%",""
2023/06/19 02:09:28,"21.38℃","66.06%",""
2023/06/19 02:19:28,"21.31℃","66.31%",""
2023/06/19 02:29:28,"21.31℃","66.56%",""
2023/06/19 02:39:28,"21.25℃","66.75%",""
2023/06/19 02:49:28,"21.13℃","67.00%",""
2023/06/19 02:59:28,"20.94℃","67.38%",""
2023/06/19 03:09:28,"20.81℃","67.81%",""
2023/06/19 03:19:28,"20.69℃","68.25%",""
2023/06/19 03:29:28,"20.63℃","68.19%",""
2023/06/19 03:39:28,"20.56℃","68.44%",""
2023/06/19 03:49:28,"20.44℃","68.94%",""
2023/06/19 03:59:28,"20.50℃","68.69%",""
2023/06/19 04:09:28,"20.44℃","69.25%",""
2023/06/19 04:19:28,"20.44℃","69.44%",""
2023/06/19 04:29:28,"20.38℃","69.75%",""
2023/06/19 04:39:28,"20.25℃","70.25%",""
2023/06/19 04:49:28,"20.19℃","70.31%",""
2023/06/19 04:59:28,"20.13℃","70.62%",""
2023/06/19 05:09:28,"20.00℃","71.19%",""
2023/06/19 05:19:28,"19.94℃","71.62%",""
2023/06/19 05:29:28,"19.81℃","71.88%",""
2023/06/19 05:39:28,"19.88℃","71.62%",""
2023/06/19 05:49:28,"19.75℃","71.75%",""
2023/06/19 05:59:28,"19.75℃","72.00%",""
2023/06/19 06:09:28,"19.81℃","72.25%",""
2023/06/19 06:19:28,"19.81℃","72.31%",""
2023/06/19 06:29:28,"19.88℃","72.19%",""
2023/06/19 06:39:28,"19.75℃","72.38%",""
2023/06/19 06:49:28,"19.94℃","72.19%",""
2023/06/19 06:59:28,"20.13℃","71.81%",""
2023/06/19 07:09:28,"20.31℃","71.62%",""
2023/06/19 07:19:28,"20.88℃","70.62%",""
2023/06/19 07:29:28,"21.56℃","69.12%",""
2023/06/19 07:39:28,"21.88℃","67.88%",""
2023/06/19 07:49:28,"21.88℃","67.50%",""
2023/06/19 07:59:28,"22.38℃","67.12%",""
2023/06/19 08:09:28,"23.81℃","63.31%",""
2023/06/19 08:19:28,"24.94℃","60.44%",""
2023/06/19 08:29:28,"25.94℃","58.50%",""
2023/06/19 08:39:28,"26.31℃","55.06%",""
2023/06/19 08:49:28,"24.81℃","58.25%",""
2023/06/19 08:59:28,"24.25℃","60.81%",""
2023/06/19 09:09:28,"24.31℃","59.50%",""
2023/06/19 09:19:28,"24.19℃","59.88%",""
2023/06/19 09:29:28,"24.31℃","59.25%",""
2023/06/19 09:39:28,"24.44℃","59.56%",""
2023/06/19 09:49:28,"24.50℃","58.31%",""
2023/06/19 09:59:28,"24.63℃","58.00%",""
2023/06/19 10:09:28,"24.81℃","57.31%",""
2023/06/19 10:19:28,"24.94℃","57.69%",""
2023/06/19 10:29:28,"25.00℃","56.88%",""
2023/06/19 10:39:28,"25.00℃","56.94%",""
2023/06/19 10:49:28,"25.13℃","57.00%",""
2023/06/19 10:59:28,"25.25℃","57.31%",""
2023/06/19 11:09:28,"25.38℃","57.81%",""
2023/06/19 11:19:28,"25.44℃","57.56%",""
2023/06/19 11:29:28,"25.44℃","57.50%",""
2023/06/19 11:39:28,"25.63℃","57.44%",""
2023/06/19 11:49:28,"25.63℃","57.06%",""
2023/06/19 11:59:28,"25.69℃","56.62%",""
2023/06/19 12:09:28,"25.69℃","55.81%",""
2023/06/19 12:19:28,"25.75℃","55.88%",""
2023/06/19 12:29:28,"25.81℃","56.75%",""
2023/06/19 12:39:28,"25.88℃","56.00%",""
2023/06/19 12:49:28,"25.94℃","55.75%",""
2023/06/19 12:59:28,"26.06℃","54.31%",""
2023/06/19 13:09:28,"26.13℃","55.38%",""
2023/06/19 13:19:28,"26.31℃","55.75%",""
2023/06/19 13:29:28,"26.50℃","55.94%",""
2023/06/19 13:39:28,"26.75℃","55.12%",""
2023/06/19 13:49:28,"26.81℃","54.25%",""
2023/06/19 13:59:28,"27.00℃","54.69%",""
2023/06/19 14:09:28,"27.00℃","53.38%",""
2023/06/19 14:19:28,"27.06℃","52.62%",""
2023/06/19 14:29:28,"27.19℃","52.81%",""
2023/06/19 14:39:28,"27.31℃","51.31%",""
2023/06/19 14:49:28,"27.38℃","52.75%",""
2023/06/19 14:59:28,"27.63℃","52.25%",""
2023/06/19 15:09:28,"27.81℃","51.19%",""
2023/06/19 15:19:28,"27.88℃","51.56%",""
2023/06/19 15:29:28,"27.94℃","50.25%",""
2023/06/19 15:39:28,"28.00℃","51.69%",""
2023/06/19 15:49:28,"28.06℃","50.25%",""
2023/06/19 15:59:28,"28.13℃","50.38%",""
2023/06/19 16:09:28,"28.25℃","49.94%",""
2023/06/19 16:19:28,"28.38℃","50.31%",""
2023/06/19 16:29:28,"28.38℃","50.25%",""
2023/06/19 16:39:28,"28.44℃","49.19%",""
2023/06/19 16:49:28,"28.75℃","49.62%",""
2023/06/19 16:59:28,"29.06℃","49.50%",""
2023/06/19 17:09:28,"29.31℃","48.19%",""
2023/06/19 17:19:28,"29.38℃","48.50%",""
2023/06/19 17:29:28,"29.38℃","49.00%",""
2023/06/19 17:39:28,"29.38℃","48.44%",""
2023/06/19 17:49:28,"29.13℃","49.69%",""
2023/06/19 17:59:28,"28.88℃","50.25%",""
2023/06/19 18:09:28,"28.81℃","50.62%",""
2023/06/19 18:19:28,"28.88℃","50.56%",""
2023/06/19 18:29:28,"28.81℃","50.94%",""
2023/06/19 18:39:28,"28.69℃","51.38%",""
2023/06/19 18:49:28,"28.69℃","51.94%",""
2023/06/19 18:59:28,"28.94℃","52.12%",""
2023/06/19 19:09:28,"28.75℃","52.38%",""
2023/06/19 19:19:28,"28.63℃","52.75%",""
2023/06/19 19:29:28,"28.31℃","53.75%",""
2023/06/19 19:39:28,"28.25℃","53.44%",""
2023/06/19 19:49:28,"28.31℃","53.62%",""
2023/06/19 19:59:28,"28.38℃","53.50%",""
2023/06/19 20:09:28,"28.31℃","54.06%",""
2023/06/19 20:19:28,"28.25℃","53.88%",""
2023/06/19 20:29:28,"28.25℃","53.75%",""
2023/06/19 20:39:28,"28.44℃","53.75%",""
2023/06/19 20:49:28,"28.63℃","53.69%",""
2023/06/19 20:59:28,"28.63℃","54.00%",""
2023/06/19 21:09:28,"28.50℃","52.88%",""
2023/06/19 21:19:28,"28.00℃","52.88%",""
2023/06/19 21:29:28,"27.56℃","53.00%",""
2023/06/19 21:39:28,"27.25℃","52.81%",""
2023/06/19 21:49:28,"27.00℃","52.69%",""
2023/06/19 21:59:28,"26.81℃","52.50%",""
2023/06/19 22:09:28,"26.63℃","52.56%",""
2023/06/19 22:19:28,"26.38℃","51.69%",""
2023/06/19 22:29:28,"26.25℃","51.56%",""
2023/06/19 22:39:28,"26.13℃","51.50%",""
2023/06/19 22:49:28,"26.00℃","51.38%",""
2023/06/19 22:59:28,"25.81℃","51.31%",""
2023/06/19 23:09:28,"25.63℃","50.88%",""
2023/06/19 23:19:28,"25.56℃","50.94%",""
2023/06/19 23:29:28,"25.56℃","51.12%",""
2023/06/19 23:39:28,"25.56℃","51.00%",""
2023/06/19 23:49:28,"25.63℃","50.81%",""
2023/06/19 23:59:28,"25.75℃","50.69%",""
2023/06/20 00:09:28,"25.63℃","50.81%",""
2023/06/20 00:19:28,"25.38℃","50.38%",""
2023/06/20 00:29:28,"25.19℃","50.31%",""
2023/06/20 00:39:28,"25.00℃","50.69%",""
2023/06/20 00:49:28,"25.00℃","50.00%",""
2023/06/20 00:59:28,"24.94℃","49.88%",""
2023/06/20 01:09:28,"24.81℃","50.00%",""
2023/06/20 01:19:28,"24.69℃","50.44%",""
2023/06/20 01:29:28,"24.44℃","51.00%",""
2023/06/20 01:39:28,"24.38℃","51.06%",""
2023/06/20 01:49:28,"24.44℃","50.38%",""
2023/06/20 01:59:28,"24.63℃","50.62%",""
2023/06/20 02:09:28,"24.31℃","51.56%",""
2023/06/20 02:19:28,"23.81℃","52.50%",""
2023/06/20 02:29:28,"23.50℃","53.19%",""
2023/06/20 02:39:28,"23.38℃","54.06%",""
2023/06/20 02:49:28,"23.25℃","54.06%",""
2023/06/20 02:59:28,"23.31℃","54.81%",""
2023/06/20 03:09:28,"23.06℃","54.81%",""
2023/06/20 03:19:28,"22.81℃","55.81%",""
2023/06/20 03:29:28,"22.75℃","56.44%",""
2023/06/20 03:39:28,"22.63℃","57.56%",""
2023/06/20 03:49:28,"22.56℃","57.31%",""
2023/06/20 03:59:28,"22.25℃","58.38%",""
2023/06/20 04:09:28,"22.13℃","59.31%",""
2023/06/20 04:19:28,"21.88℃","62.06%",""
2023/06/20 04:29:28,"21.88℃","62.31%",""
2023/06/20 04:39:28,"21.69℃","63.62%",""
2023/06/20 04:49:28,"21.63℃","65.31%",""
2023/06/20 04:59:28,"21.63℃","65.25%",""
2023/06/20 05:09:28,"21.56℃","65.94%",""
2023/06/20 05:19:28,"21.50℃","66.69%",""
2023/06/20 05:29:28,"21.44℃","66.94%",""
2023/06/20 05:39:28,"21.44℃","68.06%",""
2023/06/20 05:49:28,"21.38℃","68.44%",""
2023/06/20 05:59:28,"21.31℃","68.94%",""
2023/06/20 06:09:28,"21.31℃","69.25%",""
2023/06/20 06:19:28,"21.44℃","69.00%",""
2023/06/20 06:29:28,"21.50℃","69.25%",""
2023/06/20 06:39:28,"21.75℃","68.88%",""
2023/06/20 06:49:28,"21.88℃","68.88%",""
2023/06/20 06:59:28,"22.06℃","68.00%",""
2023/06/20 07:09:28,"22.50℃","67.19%",""
2023/06/20 07:19:28,"22.81℃","67.19%",""
2023/06/20 07:29:28,"22.75℃","66.12%",""
2023/06/20 07:39:28,"22.69℃","66.50%",""
2023/06/20 07:49:28,"23.06℃","66.75%",""
2023/06/20 07:59:28,"23.50℃","66.12%",""
2023/06/20 08:09:28,"24.38℃","64.88%",""
2023/06/20 08:19:28,"25.63℃","62.06%",""
2023/06/20 08:29:28,"26.38℃","59.94%",""
2023/06/20 08:39:28,"26.94℃","57.81%",""
2023/06/20 08:49:28,"26.31℃","57.19%",""
2023/06/20 08:59:28,"26.13℃","56.62%",""
2023/06/20 09:09:28,"26.06℃","53.62%",""
2023/06/20 09:19:28,"25.88℃","54.00%",""
2023/06/20 09:29:28,"25.88℃","51.06%",""
2023/06/20 09:39:28,"26.00℃","47.19%",""
2023/06/20 09:49:28,"26.00℃","46.19%",""
2023/06/20 09:59:28,"26.13℃","44.38%",""
2023/06/20 10:09:28,"26.31℃","44.44%",""
2023/06/20 10:19:28,"26.44℃","45.94%",""
2023/06/20 10:29:28,"26.69℃","46.38%",""
2023/06/20 10:39:28,"26.69℃","46.62%",""
2023/06/20 10:49:28,"26.88℃","48.81%",""
2023/06/20 10:59:28,"26.94℃","47.31%",""
2023/06/20 11:09:28,"27.13℃","48.69%",""
2023/06/20 11:19:28,"27.00℃","45.00%",""
2023/06/20 11:29:28,"27.00℃","42.75%",""
2023/06/20 11:39:28,"27.19℃","42.31%",""
2023/06/20 11:49:28,"27.38℃","40.69%",""
2023/06/20 11:59:28,"27.56℃","40.62%",""
2023/06/20 12:09:28,"27.63℃","41.25%",""
2023/06/20 12:19:28,"27.69℃","42.62%",""
2023/06/20 12:29:28,"27.75℃","43.94%",""
2023/06/20 12:39:28,"27.94℃","40.62%",""
2023/06/20 12:49:28,"28.00℃","38.50%",""
2023/06/20 12:59:28,"28.13℃","38.50%",""
2023/06/20 13:09:28,"28.31℃","40.12%",""
2023/06/20 13:19:28,"28.56℃","37.88%",""
2023/06/20 13:29:28,"28.88℃","35.06%",""
2023/06/20 13:39:28,"29.06℃","35.88%",""
2023/06/20 13:49:28,"29.31℃","35.44%",""
2023/06/20 13:59:28,"29.38℃","33.19%",""
2023/06/20 14:09:28,"29.63℃","32.62%",""
2023/06/20 14:19:28,"29.81℃","34.31%",""
2023/06/20 14:29:28,"30.00℃","33.88%",""
2023/06/20 14:39:28,"30.06℃","32.88%",""
2023/06/20 14:49:28,"30.31℃","33.25%",""
2023/06/20 14:59:28,"30.19℃","32.00%",""
2023/06/20 15:09:28,"30.00℃","31.69%",""
2023/06/20 15:19:28,"30.00℃","32.94%",""
2023/06/20 15:29:28,"30.13℃","33.19%",""
2023/06/20 15:39:28,"30.06℃","34.06%",""
2023/06/20 15:49:28,"30.06℃","35.56%",""
2023/06/20 15:59:28,"30.19℃","36.88%",""
2023/06/20 16:09:28,"30.31℃","37.31%",""
2023/06/20 16:19:28,"30.19℃","36.19%",""
2023/06/20 16:29:28,"30.06℃","37.56%",""
2023/06/20 16:39:28,"30.13℃","36.94%",""
2023/06/20 16:49:28,"30.19℃","36.62%",""
2023/06/20 16:59:28,"30.31℃","38.56%",""
2023/06/20 17:09:28,"30.31℃","38.19%",""
2023/06/20 17:19:28,"30.25℃","37.50%",""
2023/06/20 17:29:28,"30.19℃","36.06%",""
2023/06/20 17:39:28,"30.19℃","36.62%",""
2023/06/20 17:49:28,"30.00℃","36.81%",""
2023/06/20 17:59:28,"29.75℃","35.62%",""
2023/06/20 18:09:28,"29.81℃","35.31%",""
2023/06/20 18:19:28,"29.94℃","35.81%",""
2023/06/20 18:29:28,"29.75℃","36.81%",""
2023/06/20 18:39:28,"29.69℃","36.69%",""
2023/06/20 18:49:28,"29.56℃","36.81%",""
2023/06/20 18:59:28,"29.94℃","36.62%",""
2023/06/20 19:09:28,"30.56℃","35.19%",""
2023/06/20 19:19:28,"30.75℃","34.31%",""
2023/06/20 19:29:28,"30.00℃","35.81%",""
2023/06/20 19:39:28,"29.13℃","36.75%",""
2023/06/20 19:49:28,"28.75℃","38.06%",""
2023/06/20 19:59:28,"28.50℃","38.94%",""
2023/06/20 20:09:28,"28.25℃","38.44%",""
2023/06/20 20:19:28,"28.25℃","39.12%",""
2023/06/20 20:29:28,"27.94℃","40.38%",""
2023/06/20 20:39:28,"27.69℃","41.25%",""
2023/06/20 20:49:28,"27.38℃","41.88%",""
2023/06/20 20:59:28,"27.13℃","42.19%",""
2023/06/20 21:09:28,"26.94℃","42.81%",""
2023/06/20 21:19:28,"26.81℃","43.12%",""
2023/06/20 21:29:28,"26.63℃","43.50%",""
2023/06/20 21:39:28,"26.44℃","43.50%",""
2023/06/20 21:49:28,"26.25℃","44.38%",""
2023/06/20 21:59:28,"26.00℃","44.94%",""
2023/06/20 22:09:28,"25.88℃","45.56%",""
2023/06/20 22:19:28,"25.69℃","46.25%",""
2023/06/20 22:29:28,"25.50℃","47.12%",""
2023/06/20 22:39:28,"25.38℃","47.94%",""
2023/06/20 22:49:28,"25.13℃","48.62%",""
2023/06/20 22:59:28,"25.13℃","48.94%",""
2023/06/20 23:09:28,"25.00℃","49.75%",""
2023/06/20 23:19:28,"24.38℃","50.69%",""
2023/06/20 23:29:28,"24.06℃","51.62%",""
2023/06/20 23:39:28,"23.69℃","52.12%",""
2023/06/20 23:49:28,"23.75℃","51.88%",""
2023/06/20 23:59:28,"23.63℃","52.62%",""
2023/06/21 00:09:28,"23.69℃","52.81%",""
2023/06/21 00:19:28,"23.56℃","53.62%",""
2023/06/21 00:29:28,"23.50℃","54.19%",""
2023/06/21 00:39:28,"23.25℃","54.88%",""
2023/06/21 00:49:28,"22.94℃","54.88%",""
2023/06/21 00:59:28,"22.81℃","54.94%",""
2023/06/21 01:09:28,"22.63℃","55.00%",""
2023/06/21 01:19:28,"22.44℃","55.75%",""
2023/06/21 01:29:28,"22.50℃","55.69%",""
2023/06/21 01:39:28,"22.25℃","55.81%",""
2023/06/21 01:49:28,"22.38℃","56.06%",""
2023/06/21 01:59:28,"22.31℃","55.62%",""
2023/06/21 02:09:28,"22.38℃","55.81%",""
2023/06/21 02:19:28,"22.38℃","55.88%",""
2023/06/21 02:29:28,"22.25℃","55.88%",""
2023/06/21 02:39:28,"22.25℃","56.12%",""
2023/06/21 02:49:28,"22.19℃","56.69%",""
2023/06/21 02:59:28,"22.06℃","57.25%",""
2023/06/21 03:09:28,"21.81℃","57.62%",""
2023/06/21 03:19:28,"21.50℃","58.75%",""
2023/06/21 03:29:28,"21.38℃","59.19%",""
2023/06/21 03:39:28,"21.25℃","59.31%",""
2023/06/21 03:49:28,"21.19℃","59.62%",""
2023/06/21 03:59:28,"21.19℃","59.75%",""
2023/06/21 04:09:28,"21.13℃","60.06%",""
2023/06/21 04:19:28,"21.00℃","60.12%",""
2023/06/21 04:29:28,"21.00℃","60.38%",""
2023/06/21 04:39:28,"20.88℃","60.62%",""
2023/06/21 04:49:28,"20.81℃","60.88%",""
2023/06/21 04:59:28,"20.81℃","60.94%",""
2023/06/21 05:09:28,"20.88℃","60.69%",""
2023/06/21 05:19:28,"20.63℃","61.06%",""
2023/06/21 05:29:28,"20.63℃","61.38%",""
2023/06/21 05:39:28,"20.69℃","61.62%",""
2023/06/21 05:49:28,"20.75℃","62.00%",""
2023/06/21 05:59:28,"20.75℃","62.38%",""
2023/06/21 06:09:28,"20.81℃","62.69%",""
2023/06/21 06:19:28,"21.00℃","62.38%",""
2023/06/21 06:29:28,"21.13℃","62.12%",""
2023/06/21 06:39:28,"21.25℃","61.75%",""
2023/06/21 06:49:28,"21.31℃","61.62%",""
2023/06/21 06:59:28,"21.44℃","61.19%",""
2023/06/21 07:09:28,"21.75℃","60.88%",""
2023/06/21 07:19:28,"22.06℃","60.06%",""
2023/06/21 07:29:28,"22.25℃","59.94%",""
2023/06/21 07:39:28,"22.44℃","59.88%",""
2023/06/21 07:49:28,"22.56℃","59.94%",""
2023/06/21 07:59:28,"22.81℃","59.31%",""
2023/06/21 08:09:28,"24.00℃","57.19%",""
2023/06/21 08:19:28,"24.75℃","55.19%",""
2023/06/21 08:29:28,"25.13℃","53.88%",""
2023/06/21 08:39:28,"25.50℃","53.38%",""
2023/06/21 08:49:28,"25.00℃","53.50%",""
2023/06/21 08:59:28,"24.81℃","54.31%",""
2023/06/21 09:09:28,"24.56℃","54.88%",""
2023/06/21 09:19:28,"24.75℃","53.94%",""
2023/06/21 09:29:28,"24.88℃","53.69%",""
2023/06/21 09:39:28,"25.00℃","52.88%",""
2023/06/21 09:49:28,"25.25℃","52.81%",""
2023/06/21 09:59:28,"25.50℃","51.94%",""
2023/06/21 10:09:28,"25.81℃","49.00%",""
2023/06/21 10:19:28,"26.13℃","46.06%",""
2023/06/21 10:29:28,"26.25℃","45.00%",""
2023/06/21 10:39:28,"26.44℃","45.25%",""
2023/06/21 10:49:28,"26.63℃","45.25%",""
2023/06/21 10:59:28,"26.81℃","44.25%",""
2023/06/21 11:09:28,"26.94℃","44.56%",""
2023/06/21 11:19:28,"27.19℃","43.31%",""
2023/06/21 11:29:28,"27.44℃","43.19%",""
2023/06/21 11:39:28,"27.50℃","42.69%",""
2023/06/21 11:49:28,"27.63℃","43.81%",""
2023/06/21 11:59:28,"27.75℃","43.62%",""
2023/06/21 12:09:28,"27.88℃","45.00%",""
2023/06/21 12:19:28,"28.06℃","43.44%",""
2023/06/21 12:29:28,"28.25℃","42.50%",""
2023/06/21 12:39:28,"28.56℃","41.38%",""
2023/06/21 12:49:28,"28.69℃","40.94%",""
2023/06/21 12:59:28,"28.56℃","39.19%",""
2023/06/21 13:09:28,"28.50℃","37.19%",""
2023/06/21 13:19:28,"28.56℃","38.69%",""
2023/06/21 13:29:28,"28.63℃","38.19%",""
2023/06/21 13:39:28,"28.81℃","37.31%",""
2023/06/21 13:49:28,"28.88℃","38.88%",""
2023/06/21 13:59:28,"29.06℃","37.81%",""
2023/06/21 14:09:28,"29.19℃","38.25%",""
2023/06/21 14:19:28,"29.38℃","36.81%",""
2023/06/21 14:29:28,"29.50℃","36.75%",""
2023/06/21 14:39:28,"29.63℃","37.25%",""
2023/06/21 14:49:28,"29.81℃","37.25%",""
2023/06/21 14:59:28,"29.94℃","36.44%",""
2023/06/21 15:09:28,"29.94℃","36.25%",""
2023/06/21 15:19:28,"29.88℃","35.81%",""
2023/06/21 15:29:28,"30.13℃","36.75%",""
2023/06/21 15:39:28,"30.19℃","36.56%",""
2023/06/21 15:49:28,"30.44℃","36.94%",""
2023/06/21 15:59:28,"30.69℃","36.94%",""
2023/06/21 16:09:28,"31.00℃","37.12%",""
2023/06/21 16:19:28,"31.13℃","37.81%",""
2023/06/21 16:29:28,"31.38℃","37.69%",""
2023/06/21 16:39:28,"31.38℃","37.69%",""
2023/06/21 16:49:28,"31.25℃","37.62%",""
2023/06/21 16:59:28,"31.13℃","38.50%",""
2023/06/21 17:09:28,"31.19℃","38.69%",""
2023/06/21 17:19:28,"31.25℃","38.62%",""
2023/06/21 17:29:28,"31.31℃","39.00%",""
2023/06/21 17:39:28,"31.31℃","39.19%",""
2023/06/21 17:49:28,"31.88℃","38.69%",""
2023/06/21 17:59:28,"31.56℃","39.12%",""
2023/06/21 18:09:28,"31.44℃","38.19%",""
2023/06/21 18:19:28,"31.38℃","39.25%",""
2023/06/21 18:29:28,"31.38℃","39.25%",""
2023/06/21 18:39:28,"31.19℃","39.56%",""
2023/06/21 18:49:28,"31.13℃","39.69%",""
2023/06/21 18:59:28,"31.06℃","39.50%",""
2023/06/21 19:09:28,"30.81℃","38.56%",""
2023/06/21 19:19:28,"30.44℃","38.62%",""
2023/06/21 19:29:28,"30.19℃","39.00%",""
2023/06/21 19:39:28,"29.94℃","39.25%",""
2023/06/21 19:49:28,"29.81℃","39.94%",""
2023/06/21 19:59:28,"29.56℃","41.19%",""
2023/06/21 20:09:28,"29.19℃","42.00%",""
2023/06/21 20:19:28,"29.13℃","41.62%",""
2023/06/21 20:29:28,"29.13℃","41.81%",""
2023/06/21 20:39:28,"28.94℃","41.94%",""
2023/06/21 20:49:28,"28.81℃","42.31%",""
2023/06/21 20:59:28,"28.63℃","42.94%",""
2023/06/21 21:09:28,"28.44℃","44.88%",""
2023/06/21 21:19:28,"28.19℃","46.75%",""
2023/06/21 21:29:28,"27.75℃","48.06%",""
2023/06/21 21:39:28,"27.38℃","49.31%",""
2023/06/21 21:49:28,"27.19℃","50.31%",""
2023/06/21 21:59:28,"27.00℃","50.75%",""
2023/06/21 22:09:28,"29.00℃","48.06%",""
2023/06/21 22:19:28,"28.69℃","48.12%",""
2023/06/21 22:29:28,"27.81℃","49.81%",""
2023/06/21 22:39:28,"27.69℃","50.38%",""
2023/06/21 22:49:28,"27.25℃","50.94%",""
2023/06/21 22:59:28,"26.94℃","52.25%",""
2023/06/21 23:09:28,"26.56℃","52.75%",""
2023/06/21 23:19:28,"26.50℃","53.56%",""
2023/06/21 23:29:28,"26.25℃","54.44%",""
2023/06/21 23:39:28,"26.13℃","55.19%",""
2023/06/21 23:49:28,"25.94℃","56.50%",""
2023/06/21 23:59:28,"25.81℃","56.94%",""
2023/06/22 00:09:28,"25.63℃","57.62%",""
2023/06/22 00:19:28,"25.56℃","58.25%",""
2023/06/22 00:29:28,"25.50℃","58.56%",""
2023/06/22 00:39:28,"25.25℃","60.19%",""
2023/06/22 00:49:28,"25.13℃","60.94%",""
2023/06/22 00:59:28,"24.94℃","62.19%",""
2023/06/22 01:09:28,"24.75℃","62.25%",""
2023/06/22 01:19:28,"24.63℃","63.38%",""
2023/06/22 01:29:28,"24.50℃","63.88%",""
2023/06/22 01:39:28,"24.38℃","64.56%",""
2023/06/22 01:49:28,"24.19℃","64.94%",""
2023/06/22 01:59:28,"24.00℃","65.31%",""
2023/06/22 02:09:28,"23.81℃","65.75%",""
2023/06/22 02:19:28,"23.69℃","65.94%",""
2023/06/22 02:29:28,"23.63℃","65.88%",""
2023/06/22 02:39:28,"23.44℃","66.38%",""
2023/06/22 02:49:28,"23.38℃","66.19%",""
2023/06/22 02:59:28,"23.38℃","66.31%",""
2023/06/22 03:09:28,"23.38℃","66.06%",""
2023/06/22 03:19:28,"23.44℃","65.88%",""
2023/06/22 03:29:28,"23.44℃","66.38%",""
2023/06/22 03:39:28,"23.31℃","66.75%",""
2023/06/22 03:49:28,"23.13℃","66.56%",""
2023/06/22 03:59:28,"23.00℃","67.12%",""
2023/06/22 04:09:28,"22.88℃","67.81%",""
2023/06/22 04:19:28,"22.81℃","68.12%",""
2023/06/22 04:29:28,"22.81℃","68.25%",""
2023/06/22 04:39:28,"22.88℃","68.00%",""
2023/06/22 04:49:28,"23.00℃","67.50%",""
2023/06/22 04:59:28,"23.06℃","67.38%",""
2023/06/22 05:09:28,"23.06℃","67.19%",""
2023/06/22 05:19:28,"23.19℃","66.81%",""
2023/06/22 05:29:28,"23.19℃","67.00%",""
2023/06/22 05:39:28,"23.19℃","67.12%",""
2023/06/22 05:49:28,"23.19℃","67.62%",""
2023/06/22 05:59:28,"22.94℃","68.19%",""
2023/06/22 06:09:28,"22.94℃","67.94%",""
2023/06/22 06:19:28,"22.94℃","67.88%",""
2023/06/22 06:29:28,"23.00℃","67.62%",""
2023/06/22 06:39:28,"22.94℃","67.62%",""
2023/06/22 06:49:28,"23.06℃","67.00%",""
2023/06/22 06:59:28,"23.31℃","66.94%",""
2023/06/22 07:09:28,"23.38℃","66.94%",""
2023/06/22 07:19:28,"23.31℃","67.19%",""
2023/06/22 07:29:28,"23.31℃","67.44%",""
2023/06/22 07:39:28,"23.56℃","67.00%",""
2023/06/22 07:49:28,"23.88℃","66.69%",""
2023/06/22 07:59:28,"24.44℃","65.75%",""
2023/06/22 08:09:28,"25.75℃","62.06%",""
2023/06/22 08:19:28,"25.50℃","61.06%",""
2023/06/22 08:29:28,"26.81℃","59.69%",""
2023/06/22 08:39:28,"26.88℃","58.31%",""
2023/06/22 08:49:28,"26.75℃","58.69%",""
2023/06/22 08:59:28,"26.75℃","57.88%",""
2023/06/22 09:09:28,"26.81℃","56.88%",""
2023/06/22 09:19:28,"26.94℃","56.75%",""
2023/06/22 09:29:28,"27.13℃","56.31%",""
2023/06/22 09:39:28,"27.31℃","56.00%",""
2023/06/22 09:49:28,"27.38℃","56.00%",""
2023/06/22 09:59:28,"27.56℃","56.25%",""
2023/06/22 10:09:28,"27.75℃","56.06%",""
2023/06/22 10:19:28,"27.94℃","55.62%",""
2023/06/22 10:29:28,"28.13℃","54.94%",""
2023/06/22 10:39:28,"28.38℃","55.12%",""
2023/06/22 10:49:28,"28.69℃","54.00%",""
2023/06/22 10:59:28,"28.81℃","53.56%",""
2023/06/22 11:09:28,"28.75℃","53.31%",""
2023/06/22 11:19:28,"28.88℃","52.81%",""
2023/06/22 11:29:28,"29.00℃","51.94%",""
2023/06/22 11:39:28,"29.00℃","50.56%",""
2023/06/22 11:49:28,"29.06℃","49.19%",""
2023/06/22 11:59:28,"29.19℃","47.12%",""
2023/06/22 12:09:28,"29.25℃","46.06%",""
2023/06/22 12:19:28,"29.31℃","45.12%",""
2023/06/22 12:29:28,"29.38℃","43.88%",""
2023/06/22 12:39:28,"29.38℃","45.69%",""
2023/06/22 12:49:28,"29.38℃","46.00%",""
2023/06/22 12:59:28,"29.50℃","45.75%",""
2023/06/22 13:09:28,"29.63℃","46.62%",""
2023/06/22 13:19:28,"29.69℃","45.31%",""
2023/06/22 13:29:28,"29.81℃","44.12%",""
2023/06/22 13:39:28,"29.88℃","43.44%",""
2023/06/22 13:49:28,"30.06℃","44.31%",""
2023/06/22 13:59:28,"30.19℃","44.38%",""
2023/06/22 14:09:28,"30.31℃","43.12%",""
2023/06/22 14:19:28,"30.63℃","44.44%",""
2023/06/22 14:29:28,"30.88℃","44.25%",""
2023/06/22 14:39:28,"31.06℃","44.00%",""
2023/06/22 14:49:28,"31.44℃","43.44%",""
2023/06/22 14:59:28,"31.69℃","43.75%",""
2023/06/22 15:09:28,"31.94℃","43.25%",""
2023/06/22 15:19:28,"31.88℃","43.06%",""
2023/06/22 15:29:28,"32.13℃","42.62%",""
2023/06/22 15:39:28,"32.00℃","43.25%",""
2023/06/22 15:49:28,"31.94℃","43.56%",""
2023/06/22 15:59:28,"32.13℃","43.62%",""
2023/06/22 16:09:28,"32.00℃","44.12%",""
2023/06/22 16:19:28,"32.13℃","43.88%",""
2023/06/22 16:29:28,"32.25℃","43.50%",""
2023/06/22 16:39:28,"32.13℃","44.31%",""
2023/06/22 16:49:28,"32.13℃","44.88%",""
2023/06/22 16:59:28,"32.06℃","46.19%",""
2023/06/22 17:09:28,"31.88℃","46.06%",""
2023/06/22 17:19:28,"31.88℃","46.19%",""
2023/06/22 17:29:28,"31.81℃","46.00%",""
2023/06/22 17:39:28,"31.56℃","45.56%",""
2023/06/22 17:49:28,"31.19℃","44.88%",""
2023/06/22 17:59:28,"31.13℃","45.81%",""
2023/06/22 18:09:28,"31.38℃","45.88%",""
2023/06/22 18:19:28,"31.25℃","46.75%",""
2023/06/22 18:29:28,"30.88℃","47.25%",""
2023/06/22 18:39:28,"30.63℃","47.50%",""
2023/06/22 18:49:28,"30.38℃","47.94%",""
2023/06/22 18:59:28,"30.31℃","47.50%",""
2023/06/22 19:09:28,"30.44℃","47.81%",""
2023/06/22 19:19:28,"30.31℃","47.81%",""
2023/06/22 19:29:28,"30.13℃","48.81%",""
2023/06/22 19:39:28,"29.88℃","49.12%",""
2023/06/22 19:49:28,"29.94℃","49.44%",""
2023/06/22 19:59:28,"30.19℃","49.62%",""
2023/06/22 20:09:28,"30.06℃","49.81%",""
2023/06/22 20:19:28,"29.75℃","50.25%",""
2023/06/22 20:29:28,"29.50℃","51.31%",""
2023/06/22 20:39:28,"29.38℃","52.12%",""
2023/06/22 20:49:28,"29.13℃","52.94%",""
2023/06/22 20:59:28,"28.81℃","53.56%",""
2023/06/22 21:09:28,"28.56℃","54.50%",""
2023/06/22 21:19:28,"28.31℃","55.50%",""
2023/06/22 21:29:28,"28.19℃","55.75%",""
2023/06/22 21:39:28,"28.00℃","56.62%",""
2023/06/22 21:49:28,"27.69℃","57.38%",""
2023/06/22 21:59:28,"27.56℃","57.88%",""
2023/06/22 22:09:28,"27.44℃","58.38%",""
2023/06/22 22:19:28,"27.25℃","58.88%",""
2023/06/22 22:29:28,"27.00℃","59.94%",""
2023/06/22 22:39:28,"26.69℃","60.94%",""
2023/06/22 22:49:28,"26.50℃","61.69%",""
2023/06/22 22:59:28,"26.38℃","62.06%",""
2023/06/22 23:09:28,"26.25℃","61.81%",""
2023/06/22 23:19:28,"26.25℃","61.81%",""
2023/06/22 23:29:28,"26.25℃","61.75%",""
2023/06/22 23:39:28,"26.25℃","62.19%",""
2023/06/22 23:49:28,"26.25℃","61.62%",""
2023/06/22 23:59:28,"26.19℃","62.19%",""
2023/06/23 00:09:28,"26.06℃","62.69%",""
2023/06/23 00:19:28,"25.88℃","63.31%",""
2023/06/23 00:29:28,"25.63℃","63.88%",""
2023/06/23 00:39:28,"25.06℃","64.25%",""
2023/06/23 00:49:28,"24.75℃","63.19%",""
2023/06/23 00:59:28,"24.63℃","62.88%",""
2023/06/23 01:09:28,"24.25℃","61.44%",""
2023/06/23 01:19:28,"23.94℃","60.38%",""
2023/06/23 01:29:28,"23.63℃","59.38%",""
2023/06/23 01:39:28,"23.50℃","57.81%",""
2023/06/23 01:49:28,"23.25℃","58.12%",""
2023/06/23 01:59:28,"23.19℃","58.00%",""
2023/06/23 02:09:28,"23.00℃","58.31%",""
2023/06/23 02:19:28,"23.00℃","57.75%",""
2023/06/23 02:29:28,"23.06℃","56.75%",""
2023/06/23 02:39:28,"23.06℃","56.00%",""
2023/06/23 02:49:28,"23.00℃","55.38%",""
2023/06/23 02:59:28,"22.94℃","55.12%",""
2023/06/23 03:09:28,"23.00℃","55.00%",""
2023/06/23 03:19:28,"22.94℃","54.75%",""
2023/06/23 03:29:28,"22.88℃","54.94%",""
2023/06/23 03:39:28,"22.75℃","55.38%",""
2023/06/23 03:49:28,"22.56℃","55.81%",""
2023/06/23 03:59:28,"22.38℃","56.12%",""
2023/06/23 04:09:28,"22.31℃","56.12%",""
2023/06/23 04:19:28,"22.25℃","56.38%",""
2023/06/23 04:29:28,"22.19℃","56.56%",""
2023/06/23 04:39:28,"22.19℃","56.62%",""
2023/06/23 04:49:28,"22.19℃","56.81%",""
2023/06/23 04:59:28,"22.06℃","56.81%",""
2023/06/23 05:09:28,"21.94℃","57.19%",""
2023/06/23 05:19:28,"21.81℃","57.00%",""
2023/06/23 05:29:28,"21.88℃","56.50%",""
2023/06/23 05:39:28,"21.88℃","56.19%",""
2023/06/23 05:49:28,"21.94℃","55.94%",""
2023/06/23 05:59:28,"21.94℃","56.12%",""
2023/06/23 06:09:28,"21.88℃","57.12%",""
2023/06/23 06:19:28,"21.63℃","58.19%",""
2023/06/23 06:29:28,"21.44℃","59.06%",""
2023/06/23 06:39:28,"21.38℃","59.62%",""
2023/06/23 06:49:28,"21.31℃","59.94%",""
2023/06/23 06:59:28,"21.50℃","59.38%",""
2023/06/23 07:09:28,"21.94℃","58.12%",""
2023/06/23 07:19:28,"22.63℃","56.25%",""
2023/06/23 07:29:28,"23.44℃","55.00%",""
2023/06/23 07:39:28,"24.06℃","52.94%",""
2023/06/23 07:49:28,"24.13℃","52.19%",""
2023/06/23 07:59:28,"24.63℃","51.31%",""
2023/06/23 08:09:28,"26.56℃","48.31%",""
2023/06/23 08:19:28,"27.69℃","46.06%",""
2023/06/23 08:29:28,"29.13℃","44.00%",""
2023/06/23 08:39:28,"29.31℃","42.12%",""
2023/06/23 08:49:28,"27.13℃","44.50%",""
2023/06/23 08:59:28,"26.13℃","46.50%",""
2023/06/23 09:09:28,"25.88℃","46.88%",""
2023/06/23 09:19:28,"26.00℃","47.94%",""
2023/06/23 09:29:28,"26.13℃","48.00%",""
2023/06/23 09:39:28,"26.50℃","44.69%",""
2023/06/23 09:49:28,"26.75℃","43.31%",""
2023/06/23 09:59:28,"26.94℃","41.56%",""
2023/06/23 10:09:28,"27.13℃","41.12%",""
2023/06/23 10:19:28,"27.44℃","39.88%",""
2023/06/23 10:29:28,"27.63℃","37.38%",""
2023/06/23 10:39:28,"27.75℃","38.25%",""
2023/06/23 10:49:28,"27.88℃","36.19%",""
2023/06/23 10:59:28,"27.88℃","36.00%",""
2023/06/23 11:09:28,"28.00℃","36.50%",""
2023/06/23 11:19:28,"28.13℃","35.31%",""
2023/06/23 11:29:28,"28.25℃","35.75%",""
2023/06/23 11:39:28,"28.44℃","35.62%",""
2023/06/23 11:49:28,"28.56℃","34.38%",""
2023/06/23 11:59:28,"28.69℃","35.00%",""
2023/06/23 12:09:28,"28.69℃","34.81%",""
2023/06/23 12:19:28,"28.81℃","35.00%",""
2023/06/23 12:29:28,"28.94℃","34.62%",""
2023/06/23 12:39:28,"29.13℃","34.50%",""
2023/06/23 12:49:28,"29.13℃","34.44%",""
2023/06/23 12:59:28,"29.25℃","33.31%",""
2023/06/23 13:09:28,"29.31℃","33.38%",""
2023/06/23 13:19:28,"29.50℃","33.81%",""
2023/06/23 13:29:28,"29.69℃","32.44%",""
2023/06/23 13:39:28,"29.75℃","32.44%",""
2023/06/23 13:49:28,"29.75℃","32.06%",""
2023/06/23 13:59:28,"29.94℃","30.88%",""
2023/06/23 14:09:28,"29.94℃","30.81%",""
2023/06/23 14:19:28,"30.06℃","29.56%",""
2023/06/23 14:29:28,"30.19℃","30.31%",""
2023/06/23 14:39:28,"30.19℃","29.56%",""
2023/06/23 14:49:28,"30.13℃","29.25%",""
2023/06/23 14:59:28,"30.19℃","29.06%",""
2023/06/23 15:09:28,"30.31℃","28.88%",""
2023/06/23 15:19:28,"30.38℃","28.62%",""
2023/06/23 15:29:28,"30.31℃","27.75%",""
2023/06/23 15:39:28,"30.44℃","28.12%",""
2023/06/23 15:49:28,"30.56℃","27.88%",""
2023/06/23 15:59:28,"30.50℃","27.06%",""
2023/06/23 16:09:28,"30.50℃","26.56%",""
2023/06/23 16:19:28,"30.56℃","26.88%",""
2023/06/23 16:29:28,"30.63℃","26.31%",""
2023/06/23 16:39:28,"30.63℃","26.50%",""
2023/06/23 16:49:28,"30.69℃","26.19%",""
2023/06/23 16:59:28,"30.56℃","25.56%",""
2023/06/23 17:09:28,"30.63℃","26.06%",""
2023/06/23 17:19:28,"30.69℃","25.38%",""
2023/06/23 17:29:28,"30.63℃","25.31%",""
2023/06/23 17:39:28,"30.50℃","25.00%",""
2023/06/23 17:49:28,"30.44℃","25.06%",""
2023/06/23 17:59:28,"30.38℃","25.62%",""
2023/06/23 18:09:28,"30.44℃","25.25%",""
2023/06/23 18:19:28,"30.38℃","24.94%",""
2023/06/23 18:29:28,"30.06℃","25.19%",""
2023/06/23 18:39:28,"29.94℃","25.94%",""
2023/06/23 18:49:28,"29.88℃","25.62%",""
2023/06/23 18:59:28,"29.81℃","25.75%",""
2023/06/23 19:09:28,"29.75℃","25.88%",""
2023/06/23 19:19:28,"29.75℃","25.50%",""
2023/06/23 19:29:28,"29.63℃","25.44%",""
2023/06/23 19:39:28,"29.50℃","25.75%",""
2023/06/23 19:49:28,"29.38℃","25.25%",""
2023/06/23 19:59:28,"29.25℃","25.25%",""
2023/06/23 20:09:28,"29.13℃","25.12%",""
2023/06/23 20:19:28,"28.94℃","25.25%",""
2023/06/23 20:29:28,"28.75℃","25.19%",""
2023/06/23 20:39:28,"28.56℃","25.31%",""
2023/06/23 20:49:28,"28.38℃","25.56%",""
2023/06/23 20:59:28,"28.19℃","25.50%",""
2023/06/23 21:09:28,"28.00℃","25.75%",""
2023/06/23 21:19:28,"27.81℃","25.69%",""
2023/06/23 21:29:28,"27.75℃","25.69%",""
2023/06/23 21:39:28,"27.56℃","25.94%",""
2023/06/23 21:49:28,"27.44℃","26.00%",""
2023/06/23 21:59:28,"27.25℃","26.19%",""
2023/06/23 22:09:28,"27.19℃","26.06%",""
2023/06/23 22:19:28,"27.06℃","26.19%",""
2023/06/23 22:29:28,"26.88℃","26.25%",""
2023/06/23 22:39:28,"26.75℃","26.44%",""
2023/06/23 22:49:28,"26.69℃","26.12%",""
2023/06/23 22:59:28,"26.69℃","25.50%",""
2023/06/23 23:09:28,"26.69℃","25.56%",""
2023/06/23 23:19:28,"26.69℃","25.38%",""
2023/06/23 23:29:28,"26.56℃","25.50%",""
2023/06/23 23:39:28,"26.44℃","25.81%",""
2023/06/23 23:49:28,"26.31℃","26.44%",""
2023/06/23 23:59:28,"26.19℃","26.75%",""
2023/06/24 00:09:28,"26.06℃","27.00%",""
2023/06/24 00:19:28,"26.00℃","27.12%",""
2023/06/24 00:29:28,"25.88℃","27.44%",""
2023/06/24 00:39:28,"25.75℃","27.44%",""
2023/06/24 00:49:28,"25.63℃","27.62%",""
2023/06/24 00:59:28,"25.56℃","27.81%",""
2023/06/24 01:09:28,"25.56℃","27.88%",""
2023/06/24 01:19:28,"25.50℃","28.06%",""
2023/06/24 01:29:28,"25.44℃","28.06%",""
2023/06/24 01:39:28,"25.38℃","28.06%",""
2023/06/24 01:49:28,"25.38℃","28.12%",""
2023/06/24 01:59:28,"25.31℃","28.25%",""
2023/06/24 02:09:28,"25.25℃","28.06%",""
2023/06/24 02:19:28,"25.19℃","28.12%",""
2023/06/24 02:29:28,"25.13℃","28.12%",""
2023/06/24 02:39:28,"25.00℃","28.25%",""
2023/06/24 02:49:28,"24.88℃","28.38%",""
2023/06/24 02:59:28,"24.81℃","28.50%",""
2023/06/24 03:09:28,"24.69℃","28.69%",""
2023/06/24 03:19:28,"24.56℃","29.00%",""
2023/06/24 03:29:28,"24.38℃","29.25%",""
2023/06/24 03:39:28,"24.38℃","29.25%",""
2023/06/24 03:49:28,"24.31℃","29.38%",""
2023/06/24 03:59:28,"24.31℃","29.31%",""
2023/06/24 04:09:28,"24.25℃","29.31%",""
2023/06/24 04:19:28,"24.19℃","29.44%",""
2023/06/24 04:29:28,"24.13℃","29.62%",""
2023/06/24 04:39:28,"24.06℃","29.62%",""
2023/06/24 04:49:28,"23.94℃","29.75%",""
2023/06/24 04:59:28,"23.81℃","30.00%",""
2023/06/24 05:09:28,"23.75℃","29.94%",""
2023/06/24 05:19:28,"23.81℃","29.88%",""
2023/06/24 05:29:28,"23.81℃","29.81%",""
2023/06/24 05:39:28,"23.88℃","29.69%",""
2023/06/24 05:49:28,"23.75℃","29.94%",""
2023/06/24 05:59:28,"23.75℃","30.12%",""
2023/06/24 06:09:28,"23.69℃","30.44%",""
2023/06/24 06:19:28,"23.69℃","30.56%",""
2023/06/24 06:29:28,"23.69℃","30.81%",""
2023/06/24 06:39:28,"23.81℃","30.94%",""
2023/06/24 06:49:28,"23.94℃","31.06%",""
2023/06/24 06:59:28,"24.00℃","30.81%",""
2023/06/24 07:09:28,"24.19℃","31.06%",""
2023/06/24 07:19:28,"24.31℃","31.12%",""
2023/06/24 07:29:28,"24.50℃","31.12%",""
2023/06/24 07:39:28,"24.69℃","30.75%",""
2023/06/24 07:49:28,"25.00℃","30.88%",""
2023/06/24 07:59:28,"25.13℃","30.81%",""
2023/06/24 08:09:28,"25.31℃","30.75%",""
2023/06/24 08:19:28,"25.38℃","31.06%",""
2023/06/24 08:29:28,"25.75℃","31.56%",""
2023/06/24 08:39:28,"26.19℃","30.31%",""
2023/06/24 08:49:28,"30.38℃","26.81%",""
2023/06/24 08:59:28,"27.25℃","29.12%",""
2023/06/24 09:09:28,"26.56℃","29.69%",""
2023/06/24 09:19:28,"26.38℃","29.88%",""
2023/06/24 09:29:28,"26.44℃","30.00%",""
2023/06/24 09:39:28,"26.56℃","29.56%",""
2023/06/24 09:49:28,"26.56℃","29.81%",""
2023/06/24 09:59:28,"26.69℃","30.19%",""
2023/06/24 10:09:28,"26.81℃","29.94%",""
2023/06/24 10:19:28,"26.81℃","29.94%",""
2023/06/24 10:29:28,"26.94℃","30.06%",""
2023/06/24 10:39:28,"27.00℃","29.56%",""
2023/06/24 10:49:28,"27.00℃","29.25%",""
2023/06/24 10:59:28,"27.06℃","29.06%",""
2023/06/24 11:09:28,"27.13℃","29.00%",""
2023/06/24 11:19:28,"27.19℃","29.88%",""
2023/06/24 11:29:28,"27.19℃","28.44%",""
2023/06/24 11:39:28,"27.19℃","29.25%",""
2023/06/24 11:49:28,"27.31℃","28.88%",""
2023/06/24 11:59:28,"27.31℃","28.56%",""
2023/06/24 12:09:28,"27.38℃","29.12%",""
2023/06/24 12:19:28,"27.56℃","28.44%",""
2023/06/24 12:29:28,"27.63℃","27.94%",""
2023/06/24 12:39:28,"27.69℃","28.06%",""
2023/06/24 12:49:28,"27.63℃","27.88%",""
2023/06/24 12:59:28,"27.69℃","27.75%",""
2023/06/24 13:09:28,"27.63℃","28.25%",""
2023/06/24 13:19:28,"27.69℃","27.31%",""
2023/06/24 13:29:28,"27.69℃","27.69%",""
2023/06/24 13:39:28,"27.88℃","27.81%",""
2023/06/24 13:49:28,"27.94℃","27.31%",""
2023/06/24 13:59:28,"28.00℃","28.50%",""
2023/06/24 14:09:28,"28.13℃","28.75%",""
2023/06/24 14:19:28,"28.31℃","27.31%",""
2023/06/24 14:29:28,"28.44℃","27.62%",""
2023/06/24 14:39:28,"28.56℃","27.12%",""
2023/06/24 14:49:28,"28.63℃","28.25%",""
2023/06/24 14:59:28,"28.50℃","30.56%",""
2023/06/24 15:09:28,"28.50℃","31.19%",""
2023/06/24 15:19:28,"28.56℃","30.56%",""
2023/06/24 15:29:28,"28.63℃","30.75%",""
2023/06/24 15:39:28,"28.88℃","31.12%",""
2023/06/24 15:49:28,"28.94℃","31.75%",""
2023/06/24 15:59:28,"28.88℃","30.69%",""
2023/06/24 16:09:28,"28.88℃","31.31%",""
2023/06/24 16:19:28,"28.88℃","31.56%",""
2023/06/24 16:29:28,"29.00℃","31.69%",""
2023/06/24 16:39:28,"29.13℃","31.69%",""
2023/06/24 16:49:28,"29.06℃","30.69%",""
2023/06/24 16:59:28,"29.19℃","32.00%",""
2023/06/24 17:09:28,"29.19℃","32.25%",""
2023/06/24 17:19:28,"29.19℃","32.19%",""
2023/06/24 17:29:28,"29.19℃","31.56%",""
2023/06/24 17:39:28,"29.13℃","31.56%",""
2023/06/24 17:49:28,"29.19℃","32.00%",""
2023/06/24 17:59:28,"29.19℃","32.44%",""
2023/06/24 18:09:28,"29.19℃","32.88%",""
2023/06/24 18:19:28,"29.25℃","33.06%",""
2023/06/24 18:29:28,"29.31℃","33.06%",""
2023/06/24 18:39:28,"29.31℃","33.31%",""
2023/06/24 18:49:28,"29.44℃","33.69%",""
2023/06/24 18:59:28,"29.50℃","33.44%",""
2023/06/24 19:09:28,"29.69℃","33.12%",""
2023/06/24 19:19:28,"29.75℃","32.75%",""
2023/06/24 19:29:28,"29.81℃","32.75%",""
2023/06/24 19:39:28,"29.81℃","32.69%",""
2023/06/24 19:49:28,"29.81℃","32.94%",""
2023/06/24 19:59:28,"29.75℃","33.44%",""
2023/06/24 20:09:28,"29.69℃","34.06%",""
2023/06/24 20:19:28,"29.56℃","34.25%",""
2023/06/24 20:29:28,"29.44℃","35.06%",""
2023/06/24 20:39:28,"29.25℃","35.50%",""
2023/06/24 20:49:28,"29.06℃","36.00%",""
2023/06/24 20:59:28,"28.81℃","36.56%",""
2023/06/24 21:09:28,"28.50℃","37.25%",""
2023/06/24 21:19:28,"28.19℃","37.75%",""
2023/06/24 21:29:28,"27.94℃","38.12%",""
2023/06/24 21:39:28,"27.75℃","38.38%",""
2023/06/24 21:49:28,"27.56℃","38.75%",""
2023/06/24 21:59:28,"27.44℃","38.75%",""
2023/06/24 22:09:28,"27.25℃","38.94%",""
2023/06/24 22:19:28,"27.19℃","39.25%",""
2023/06/24 22:29:28,"27.00℃","39.69%",""
2023/06/24 22:39:28,"26.81℃","40.31%",""
2023/06/24 22:49:28,"26.63℃","41.19%",""
2023/06/24 22:59:28,"26.44℃","41.88%",""
2023/06/24 23:09:28,"26.13℃","43.19%",""
2023/06/24 23:19:28,"26.00℃","43.81%",""
2023/06/24 23:29:28,"25.81℃","44.69%",""
2023/06/24 23:39:28,"25.63℃","44.88%",""
2023/06/24 23:49:28,"25.38℃","45.44%",""
2023/06/24 23:59:28,"24.94℃","46.62%",""
2023/06/25 00:09:28,"24.63℃","47.31%",""
2023/06/25 00:19:28,"24.56℃","47.62%",""
2023/06/25 00:29:28,"24.50℃","47.62%",""
2023/06/25 00:39:28,"24.31℃","48.31%",""
2023/06/25 00:49:28,"24.25℃","48.44%",""
2023/06/25 00:59:28,"24.19℃","48.56%",""
2023/06/25 01:09:28,"24.06℃","48.88%",""
2023/06/25 01:19:28,"24.00℃","48.62%",""
2023/06/25 01:29:28,"24.00℃","48.62%",""
2023/06/25 01:39:28,"23.88℃","48.88%",""
2023/06/25 01:49:28,"23.88℃","48.56%",""
2023/06/25 01:59:28,"23.81℃","48.50%",""
2023/06/25 02:09:28,"23.75℃","48.75%",""
2023/06/25 02:19:28,"23.69℃","48.94%",""
2023/06/25 02:29:28,"23.56℃","49.25%",""
2023/06/25 02:39:28,"23.50℃","49.38%",""
2023/06/25 02:49:28,"23.50℃","49.50%",""
2023/06/25 02:59:28,"23.44℃","49.88%",""
2023/06/25 03:09:28,"23.38℃","50.25%",""
2023/06/25 03:19:28,"23.25℃","50.56%",""
2023/06/25 03:29:28,"23.06℃","50.94%",""
2023/06/25 03:39:28,"23.00℃","51.25%",""
2023/06/25 03:49:28,"22.94℃","51.56%",""
2023/06/25 03:59:28,"22.88℃","51.75%",""
2023/06/25 04:09:28,"22.81℃","51.94%",""
2023/06/25 04:19:28,"22.75℃","52.06%",""
2023/06/25 04:29:28,"22.63℃","52.44%",""
2023/06/25 04:39:28,"22.56℃","52.75%",""
2023/06/25 04:49:28,"22.38℃","53.12%",""
2023/06/25 04:59:28,"22.25℃","53.25%",""
2023/06/25 05:09:28,"22.19℃","53.38%",""
2023/06/25 05:19:28,"22.13℃","53.62%",""
2023/06/25 05:29:28,"22.06℃","53.94%",""
2023/06/25 05:39:28,"22.00℃","53.94%",""
2023/06/25 05:49:28,"22.06℃","53.88%",""
2023/06/25 05:59:28,"22.00℃","53.94%",""
2023/06/25 06:09:28,"22.06℃","54.12%",""
2023/06/25 06:19:28,"22.06℃","54.19%",""
2023/06/25 06:29:28,"22.13℃","54.19%",""
2023/06/25 06:39:28,"22.25℃","54.12%",""
2023/06/25 06:49:28,"22.50℃","53.75%",""
2023/06/25 06:59:28,"22.75℃","53.25%",""
2023/06/25 07:09:28,"22.94℃","52.88%",""
2023/06/25 07:19:28,"23.25℃","52.31%",""
2023/06/25 07:29:28,"23.63℃","52.19%",""
2023/06/25 07:39:28,"23.75℃","51.62%",""
2023/06/25 07:49:28,"24.00℃","51.81%",""
2023/06/25 07:59:28,"24.31℃","51.38%",""
2023/06/25 08:09:28,"24.94℃","50.50%",""
2023/06/25 08:19:28,"24.81℃","50.38%",""
2023/06/25 08:29:28,"24.94℃","49.31%",""
2023/06/25 08:39:28,"25.56℃","48.06%",""
2023/06/25 08:49:28,"30.13℃","41.31%",""
2023/06/25 08:59:28,"26.75℃","44.19%",""
2023/06/25 09:09:28,"26.00℃","45.94%",""
2023/06/25 09:19:28,"25.75℃","47.19%",""
2023/06/25 09:29:28,"25.69℃","46.94%",""
2023/06/25 09:39:28,"25.63℃","46.94%",""
2023/06/25 09:49:28,"25.63℃","46.50%",""
2023/06/25 09:59:28,"25.50℃","46.69%",""
2023/06/25 10:09:28,"25.44℃","46.69%",""
2023/06/25 10:19:28,"25.69℃","46.06%",""
2023/06/25 10:29:28,"25.63℃","46.38%",""
2023/06/25 10:39:28,"25.88℃","45.31%",""
2023/06/25 10:49:28,"25.88℃","45.19%",""
2023/06/25 10:59:28,"26.00℃","44.56%",""
2023/06/25 11:09:28,"26.00℃","44.75%",""
2023/06/25 11:19:28,"26.13℃","44.12%",""
2023/06/25 11:29:28,"26.19℃","42.81%",""
2023/06/25 11:39:28,"26.13℃","42.81%",""
2023/06/25 11:49:28,"26.19℃","42.81%",""
2023/06/25 11:59:28,"26.31℃","41.69%",""
2023/06/25 12:09:28,"26.31℃","42.69%",""
2023/06/25 12:19:28,"26.44℃","42.56%",""
2023/06/25 12:29:28,"26.56℃","42.44%",""
2023/06/25 12:39:28,"26.69℃","42.56%",""
2023/06/25 12:49:28,"26.69℃","42.38%",""
2023/06/25 12:59:28,"26.75℃","41.94%",""
2023/06/25 13:09:28,"26.81℃","42.19%",""
2023/06/25 13:19:28,"26.81℃","42.19%",""
2023/06/25 13:29:28,"27.00℃","42.69%",""
2023/06/25 13:39:28,"27.19℃","41.56%",""
2023/06/25 13:49:28,"27.06℃","41.69%",""
2023/06/25 13:59:28,"27.19℃","41.12%",""
2023/06/25 14:09:28,"27.00℃","42.19%",""
2023/06/25 14:19:28,"27.31℃","42.06%",""
2023/06/25 14:29:28,"27.31℃","42.19%",""
2023/06/25 14:39:28,"27.44℃","42.19%",""
2023/06/25 14:49:28,"27.44℃","41.56%",""
2023/06/25 14:59:28,"27.56℃","41.56%",""
2023/06/25 15:09:28,"27.56℃","41.25%",""
2023/06/25 15:19:28,"27.69℃","41.75%",""
2023/06/25 15:29:28,"27.69℃","41.50%",""
2023/06/25 15:39:28,"27.69℃","40.94%",""
2023/06/25 15:49:28,"27.69℃","40.75%",""
2023/06/25 15:59:28,"27.94℃","40.31%",""
2023/06/25 16:09:28,"27.94℃","41.81%",""
2023/06/25 16:19:28,"28.13℃","41.75%",""
2023/06/25 16:29:28,"28.19℃","40.81%",""
2023/06/25 16:39:28,"28.13℃","40.06%",""
2023/06/25 16:49:28,"28.13℃","40.69%",""
2023/06/25 16:59:28,"28.19℃","41.19%",""
2023/06/25 17:09:28,"28.44℃","41.62%",""
2023/06/25 17:19:28,"28.44℃","41.94%",""
2023/06/25 17:29:28,"28.50℃","41.81%",""
2023/06/25 17:39:28,"28.50℃","41.19%",""
2023/06/25 17:49:28,"28.50℃","41.31%",""
2023/06/25 17:59:28,"28.56℃","41.56%",""
2023/06/25 18:09:28,"28.56℃","41.44%",""
2023/06/25 18:19:28,"28.50℃","41.44%",""
2023/06/25 18:29:28,"28.63℃","41.00%",""
2023/06/25 18:39:28,"28.69℃","41.38%",""
2023/06/25 18:49:28,"28.75℃","41.31%",""
2023/06/25 18:59:28,"28.94℃","40.94%",""
2023/06/25 19:09:28,"29.13℃","40.56%",""
2023/06/25 19:19:28,"29.19℃","40.62%",""
2023/06/25 19:29:28,"29.31℃","40.12%",""
2023/06/25 19:39:28,"29.25℃","40.00%",""
2023/06/25 19:49:28,"29.88℃","41.81%",""
2023/06/25 19:59:28,"30.63℃","41.25%",""
2023/06/25 20:09:28,"30.81℃","41.00%",""
2023/06/25 20:19:28,"30.56℃","41.25%",""
2023/06/25 20:29:28,"30.56℃","42.75%",""
2023/06/25 20:39:28,"30.63℃","41.88%",""
2023/06/25 20:49:28,"30.50℃","41.88%",""
2023/06/25 20:59:28,"30.19℃","42.50%",""
2023/06/25 21:09:28,"29.75℃","42.44%",""
2023/06/25 21:19:28,"29.44℃","43.81%",""
2023/06/25 21:29:28,"29.19℃","43.50%",""
2023/06/25 21:39:28,"29.56℃","42.75%",""
2023/06/25 21:49:28,"30.31℃","41.56%",""
2023/06/25 21:59:28,"29.75℃","42.00%",""
2023/06/25 22:09:28,"29.13℃","42.88%",""
2023/06/25 22:19:28,"28.44℃","44.38%",""
2023/06/25 22:29:28,"28.06℃","45.00%",""
2023/06/25 22:39:28,"27.75℃","46.12%",""
2023/06/25 22:49:28,"27.50℃","47.00%",""
2023/06/25 22:59:28,"27.38℃","47.94%",""
2023/06/25 23:09:28,"27.19℃","48.62%",""
2023/06/25 23:19:28,"27.00℃","49.56%",""
2023/06/25 23:29:28,"26.69℃","50.81%",""
2023/06/25 23:39:28,"26.44℃","51.12%",""
2023/06/25 23:49:28,"26.19℃","51.44%",""
2023/06/25 23:59:28,"26.00℃","52.00%",""
2023/06/26 00:09:28,"25.81℃","52.75%",""
2023/06/26 00:19:28,"25.56℃","53.38%",""
2023/06/26 00:29:28,"25.38℃","54.12%",""
2023/06/26 00:39:28,"25.19℃","54.88%",""
2023/06/26 00:49:28,"25.19℃","55.38%",""
2023/06/26 00:59:28,"25.13℃","56.00%",""
2023/06/26 01:09:28,"24.94℃","56.44%",""
2023/06/26 01:19:28,"24.81℃","56.69%",""
2023/06/26 01:29:28,"24.75℃","56.94%",""
2023/06/26 01:39:28,"24.63℃","57.25%",""
2023/06/26 01:49:28,"24.50℃","57.75%",""
2023/06/26 01:59:28,"24.19℃","58.06%",""
2023/06/26 02:09:28,"24.00℃","58.38%",""
2023/06/26 02:19:28,"23.81℃","58.44%",""
2023/06/26 02:29:28,"23.69℃","58.31%",""
2023/06/26 02:39:28,"23.69℃","58.62%",""
2023/06/26 02:49:28,"23.63℃","58.50%",""
2023/06/26 02:59:28,"23.44℃","58.31%",""
2023/06/26 03:09:28,"23.31℃","58.50%",""
2023/06/26 03:19:28,"23.25℃","58.38%",""
2023/06/26 03:29:28,"23.06℃","58.62%",""
2023/06/26 03:39:28,"23.13℃","58.56%",""
2023/06/26 03:49:28,"22.88℃","58.81%",""
2023/06/26 03:59:28,"22.75℃","59.31%",""
2023/06/26 04:09:28,"22.69℃","59.62%",""
2023/06/26 04:19:28,"22.56℃","59.81%",""
2023/06/26 04:29:28,"22.44℃","60.25%",""
2023/06/26 04:39:28,"22.31℃","60.44%",""
2023/06/26 04:49:28,"22.25℃","60.88%",""
2023/06/26 04:59:28,"22.13℃","61.12%",""
2023/06/26 05:09:28,"22.00℃","61.75%",""
2023/06/26 05:19:28,"21.88℃","62.00%",""
2023/06/26 05:29:28,"21.81℃","62.12%",""
2023/06/26 05:39:28,"21.69℃","62.56%",""
2023/06/26 05:49:28,"21.63℃","63.00%",""
2023/06/26 05:59:28,"21.56℃","63.00%",""
2023/06/26 06:09:28,"21.63℃","63.50%",""
2023/06/26 06:19:28,"21.63℃","63.50%",""
2023/06/26 06:29:28,"21.63℃","64.00%",""
2023/06/26 06:39:28,"21.75℃","64.00%",""
2023/06/26 06:49:28,"21.81℃","64.06%",""
2023/06/26 06:59:28,"21.94℃","63.75%",""
2023/06/26 07:09:28,"22.25℃","63.69%",""
2023/06/26 07:19:28,"23.19℃","62.12%",""
2023/06/26 07:29:28,"23.56℃","61.31%",""
2023/06/26 07:39:28,"24.31℃","60.31%",""
2023/06/26 07:49:28,"25.25℃","58.50%",""
2023/06/26 07:59:28,"25.13℃","57.75%",""
2023/06/26 08:09:28,"25.19℃","57.19%",""
2023/06/26 08:19:28,"26.06℃","56.50%",""
2023/06/26 08:29:28,"27.50℃","52.94%",""
2023/06/26 08:39:28,"29.19℃","50.81%",""
2023/06/26 08:49:28,"28.69℃","48.94%",""
2023/06/26 08:59:28,"27.81℃","49.88%",""
2023/06/26 09:09:28,"27.31℃","50.06%",""
2023/06/26 09:19:28,"27.13℃","50.12%",""
2023/06/26 09:29:28,"26.81℃","49.88%",""
2023/06/26 09:39:28,"26.69℃","49.50%",""
2023/06/26 09:49:28,"26.81℃","49.62%",""
2023/06/26 09:59:28,"26.88℃","49.88%",""
2023/06/26 10:09:28,"26.88℃","49.44%",""
2023/06/26 10:19:28,"26.81℃","49.31%",""
2023/06/26 10:29:28,"26.81℃","49.38%",""
2023/06/26 10:39:28,"27.00℃","49.88%",""
2023/06/26 10:49:28,"27.19℃","49.56%",""
2023/06/26 10:59:28,"27.38℃","49.69%",""
2023/06/26 11:09:28,"27.50℃","49.19%",""
2023/06/26 11:19:28,"27.56℃","49.06%",""
2023/06/26 11:29:28,"27.63℃","48.50%",""
2023/06/26 11:39:28,"27.69℃","48.88%",""
2023/06/26 11:49:28,"27.81℃","48.75%",""
2023/06/26 11:59:28,"27.88℃","49.00%",""
2023/06/26 12:09:28,"28.00℃","49.06%",""
2023/06/26 12:19:28,"28.13℃","48.69%",""
2023/06/26 12:29:28,"28.31℃","48.75%",""
2023/06/26 12:39:28,"28.50℃","48.38%",""
2023/06/26 12:49:28,"28.50℃","48.31%",""
2023/06/26 12:59:28,"28.56℃","48.75%",""
2023/06/26 13:09:28,"28.63℃","48.94%",""
2023/06/26 13:19:28,"28.63℃","48.56%",""
2023/06/26 13:29:28,"28.75℃","48.75%",""
2023/06/26 13:39:28,"28.88℃","48.62%",""
2023/06/26 13:49:28,"29.06℃","48.31%",""
2023/06/26 13:59:28,"29.13℃","48.75%",""
2023/06/26 14:09:28,"29.19℃","48.75%",""
2023/06/26 14:19:28,"29.25℃","48.81%",""
2023/06/26 14:29:28,"29.44℃","48.31%",""
2023/06/26 14:39:28,"29.50℃","48.62%",""
2023/06/26 14:49:28,"29.63℃","48.00%",""
2023/06/26 14:59:28,"29.63℃","47.81%",""
2023/06/26 15:09:28,"29.75℃","47.00%",""
2023/06/26 15:19:28,"29.75℃","47.62%",""
2023/06/26 15:29:28,"29.81℃","47.44%",""
2023/06/26 15:39:28,"29.69℃","47.94%",""
2023/06/26 15:49:28,"29.69℃","47.12%",""
2023/06/26 15:59:28,"29.75℃","47.44%",""
2023/06/26 16:09:28,"29.75℃","47.75%",""
2023/06/26 16:19:28,"29.81℃","47.62%",""
2023/06/26 16:29:28,"29.88℃","47.75%",""
2023/06/26 16:39:28,"29.88℃","48.00%",""
2023/06/26 16:49:28,"29.88℃","48.56%",""
2023/06/26 16:59:28,"29.94℃","48.56%",""
2023/06/26 17:09:28,"30.13℃","48.44%",""
2023/06/26 17:19:28,"30.25℃","47.62%",""
2023/06/26 17:29:28,"30.25℃","47.56%",""
2023/06/26 17:39:28,"30.31℃","46.38%",""
2023/06/26 17:49:28,"30.25℃","46.50%",""
2023/06/26 17:59:28,"30.19℃","46.12%",""
2023/06/26 18:09:28,"30.19℃","45.75%",""
2023/06/26 18:19:28,"30.13℃","45.12%",""
2023/06/26 18:29:28,"30.50℃","42.50%",""
2023/06/26 18:39:28,"30.50℃","41.19%",""
2023/06/26 18:49:28,"30.44℃","40.81%",""
2023/06/26 18:59:28,"30.88℃","39.69%",""
2023/06/26 19:09:28,"32.13℃","38.69%",""
2023/06/26 19:19:28,"36.06℃","34.00%",""
2023/06/26 19:29:28,"34.13℃","35.62%",""
2023/06/26 19:39:28,"33.38℃","35.25%",""
2023/06/26 19:49:28,"32.94℃","36.69%",""
2023/06/26 19:59:28,"32.56℃","37.50%",""
2023/06/26 20:09:28,"32.19℃","38.12%",""
2023/06/26 20:19:28,"31.81℃","38.69%",""
2023/06/26 20:29:28,"31.31℃","39.38%",""
2023/06/26 20:39:28,"30.94℃","40.38%",""
2023/06/26 20:49:28,"30.75℃","41.00%",""
2023/06/26 20:59:28,"30.38℃","41.69%",""
2023/06/26 21:09:28,"30.06℃","42.44%",""
2023/06/26 21:19:28,"29.75℃","42.44%",""
2023/06/26 21:29:28,"29.56℃","42.25%",""
2023/06/26 21:39:28,"29.44℃","42.88%",""
2023/06/26 21:49:28,"29.25℃","42.88%",""
2023/06/26 21:59:28,"29.06℃","44.00%",""
2023/06/26 22:09:28,"28.94℃","44.81%",""
2023/06/26 22:19:28,"28.75℃","45.50%",""
2023/06/26 22:29:28,"28.56℃","46.38%",""
2023/06/26 22:39:28,"28.25℃","47.25%",""
2023/06/26 22:49:28,"28.19℃","47.81%",""
2023/06/26 22:59:28,"28.00℃","48.50%",""
2023/06/26 23:09:28,"27.88℃","49.19%",""
2023/06/26 23:19:28,"27.81℃","49.44%",""
2023/06/26 23:29:28,"27.56℃","50.25%",""
2023/06/26 23:39:28,"27.00℃","51.25%",""
2023/06/26 23:49:28,"26.88℃","51.94%",""
2023/06/26 23:59:28,"26.69℃","52.56%",""
2023/06/27 00:09:28,"26.56℃","52.94%",""
2023/06/27 00:19:28,"26.44℃","53.44%",""
2023/06/27 00:29:28,"26.38℃","53.94%",""
2023/06/27 00:39:28,"26.25℃","54.69%",""
2023/06/27 00:49:28,"26.13℃","55.25%",""
2023/06/27 00:59:28,"26.00℃","55.62%",""
2023/06/27 01:09:28,"26.00℃","56.06%",""
2023/06/27 01:19:28,"25.88℃","56.00%",""
2023/06/27 01:29:28,"25.50℃","57.19%",""
2023/06/27 01:39:28,"25.38℃","58.00%",""
2023/06/27 01:49:28,"25.38℃","57.62%",""
2023/06/27 01:59:28,"25.25℃","58.56%",""
2023/06/27 02:09:28,"25.19℃","58.75%",""
2023/06/27 02:19:28,"25.13℃","59.12%",""
2023/06/27 02:29:28,"24.94℃","59.69%",""
2023/06/27 02:39:28,"24.94℃","60.06%",""
2023/06/27 02:49:28,"24.81℃","60.00%",""
2023/06/27 02:59:28,"24.63℃","60.44%",""
2023/06/27 03:09:28,"24.63℃","60.50%",""
2023/06/27 03:19:28,"24.56℃","60.75%",""
2023/06/27 03:29:28,"24.50℃","60.75%",""
2023/06/27 03:39:28,"24.38℃","60.94%",""
2023/06/27 03:49:28,"24.19℃","61.44%",""
2023/06/27 03:59:28,"24.06℃","62.06%",""
2023/06/27 04:09:28,"24.00℃","62.19%",""
2023/06/27 04:19:28,"23.94℃","62.19%",""
2023/06/27 04:29:28,"23.75℃","62.94%",""
2023/06/27 04:39:28,"23.63℃","63.38%",""
2023/06/27 04:49:28,"23.63℃","63.81%",""
2023/06/27 04:59:28,"23.50℃","63.94%",""
2023/06/27 05:09:28,"23.50℃","64.19%",""
2023/06/27 05:19:28,"23.63℃","64.06%",""
2023/06/27 05:29:28,"23.69℃","64.06%",""
2023/06/27 05:39:28,"23.63℃","64.31%",""
2023/06/27 05:49:28,"23.63℃","64.19%",""
2023/06/27 05:59:28,"23.56℃","64.31%",""
2023/06/27 06:09:28,"23.44℃","64.50%",""
2023/06/27 06:19:28,"23.31℃","65.00%",""
2023/06/27 06:29:28,"23.31℃","65.50%",""
2023/06/27 06:39:28,"23.38℃","65.38%",""
2023/06/27 06:49:28,"23.56℃","65.19%",""
2023/06/27 06:59:28,"23.69℃","65.19%",""
2023/06/27 07:09:28,"23.88℃","65.06%",""
2023/06/27 07:19:28,"24.31℃","64.69%",""
2023/06/27 07:29:28,"24.75℃","63.50%",""
2023/06/27 07:39:28,"24.88℃","62.94%",""
2023/06/27 07:49:28,"25.13℃","62.75%",""
2023/06/27 07:59:28,"25.38℃","61.69%",""
2023/06/27 08:09:28,"25.63℃","61.50%",""
2023/06/27 08:19:28,"26.00℃","61.06%",""
2023/06/27 08:29:28,"26.19℃","60.69%",""
2023/06/27 08:39:28,"26.88℃","59.69%",""
2023/06/27 08:49:28,"27.13℃","59.62%",""
2023/06/27 08:59:28,"27.25℃","58.75%",""
2023/06/27 09:09:28,"27.56℃","57.31%",""
2023/06/27 09:19:28,"27.75℃","57.19%",""
2023/06/27 09:29:28,"27.69℃","55.88%",""
2023/06/27 09:39:28,"27.81℃","55.56%",""
2023/06/27 09:49:28,"27.75℃","55.38%",""
2023/06/27 09:59:28,"28.19℃","54.88%",""
2023/06/27 10:09:28,"28.50℃","53.56%",""
2023/06/27 10:19:28,"28.69℃","52.88%",""
2023/06/27 10:29:28,"28.88℃","52.81%",""
2023/06/27 10:39:28,"29.06℃","52.00%",""
2023/06/27 10:49:28,"29.19℃","51.12%",""
2023/06/27 10:59:28,"29.31℃","50.62%",""
2023/06/27 11:09:28,"29.38℃","49.38%",""
2023/06/27 11:19:28,"29.38℃","49.31%",""
2023/06/27 11:29:28,"29.44℃","48.88%",""
2023/06/27 11:39:28,"29.56℃","49.00%",""
2023/06/27 11:49:28,"29.69℃","49.00%",""
2023/06/27 11:59:28,"29.69℃","48.38%",""
2023/06/27 12:09:28,"29.75℃","48.50%",""
2023/06/27 12:19:28,"29.75℃","48.56%",""
2023/06/27 12:29:28,"29.94℃","48.50%",""
2023/06/27 12:39:28,"30.06℃","47.69%",""
2023/06/27 12:49:28,"30.19℃","47.31%",""
2023/06/27 12:59:28,"30.25℃","47.56%",""
2023/06/27 13:09:28,"30.50℃","47.31%",""
2023/06/27 13:19:28,"30.63℃","46.12%",""
2023/06/27 13:29:28,"30.81℃","46.94%",""
2023/06/27 13:39:28,"31.00℃","46.69%",""
2023/06/27 13:49:28,"31.19℃","46.44%",""
2023/06/27 13:59:28,"31.38℃","46.00%",""
2023/06/27 14:09:28,"31.56℃","45.50%",""
2023/06/27 14:19:28,"31.69℃","45.44%",""
2023/06/27 14:29:28,"31.88℃","44.88%",""
2023/06/27 14:39:28,"31.94℃","44.56%",""
2023/06/27 14:49:28,"32.06℃","44.31%",""
2023/06/27 14:59:28,"32.13℃","43.81%",""
2023/06/27 15:09:28,"32.25℃","43.50%",""
2023/06/27 15:19:28,"32.25℃","43.25%",""
2023/06/27 15:29:28,"32.25℃","43.06%",""
2023/06/27 15:39:28,"32.25℃","42.56%",""
2023/06/27 15:49:28,"32.38℃","42.56%",""
2023/06/27 15:59:28,"32.50℃","42.44%",""
2023/06/27 16:09:28,"32.50℃","41.88%",""
2023/06/27 16:19:28,"32.56℃","42.19%",""
2023/06/27 16:29:28,"32.69℃","42.00%",""
2023/06/27 16:39:28,"32.75℃","41.56%",""
2023/06/27 16:49:28,"32.81℃","41.69%",""
2023/06/27 16:59:28,"32.81℃","41.38%",""
2023/06/27 17:09:28,"32.81℃","41.81%",""
2023/06/27 17:19:28,"32.88℃","41.56%",""
2023/06/27 17:29:28,"32.88℃","41.00%",""
2023/06/27 17:39:28,"32.88℃","41.31%",""
2023/06/27 17:49:28,"32.81℃","41.44%",""
2023/06/27 17:59:28,"32.81℃","41.50%",""
2023/06/27 18:09:28,"32.75℃","41.31%",""
2023/06/27 18:19:28,"32.69℃","41.38%",""
2023/06/27 18:29:28,"32.56℃","41.88%",""
2023/06/27 18:39:28,"32.63℃","41.50%",""
2023/06/27 18:49:28,"32.75℃","41.19%",""
2023/06/27 18:59:28,"32.81℃","40.75%",""
2023/06/27 19:09:28,"33.00℃","40.88%",""
2023/06/27 19:19:28,"33.81℃","39.81%",""
2023/06/27 19:29:28,"33.13℃","40.19%",""
2023/06/27 19:39:28,"32.50℃","41.50%",""
2023/06/27 19:49:28,"31.94℃","42.19%",""
2023/06/27 19:59:28,"31.63℃","42.69%",""
2023/06/27 20:09:28,"31.44℃","43.50%",""
